{"ngf_06136_00479474076": "TAKE THE EXIT", "ngf_06136_00322395774": "THE INTERNITE END THE INTELLECTUAL AND ECONOMIC ISOLATION OF RURAL POPULATIONS", "ngf_06136_00239432943": "YOU CAN VIEW OR DELETE VOICE ACTIVITY IN YOUR DEVICE", "ngf_06136_00415717212": "TROCKS ARE COSSING MORE WAY AND TAPE AR THAN ANYTHING ELSE ON ROOADWAYS", "ngf_06136_00461371063": "TAKE THE INTERCHANGE ON THE LEFT", "ngf_06136_00241181400": "THIS IS SO MUCH BETTER THAN TELLING YOU ABOUT THE WEATHER", "ngf_06136_00292466810": "VICTOR AHIGALE A HIKAMENO WAS BORN IN UDOMI UA SON", "ngf_06136_00440160224": "THEY CROSSED THE SANEGAL TO PASTURE THE ACATTL ON THE FELLO DESERT", "ngf_06136_00366820069": "HEART AND SIN AND BORN WERE ACCUSED OF SAVOCHAGE AND COLLUTION", "ngf_06136_00206488603": "ORBA IS THE TITLE OF THE BENIN KINGDOMS PARAMONT RULER IN ADUSTITE", "ngf_06136_00521611030": "SLIGHT RIT", "ngf_06136_00525310819": "ADD YOUR FORE NUMBER SO THOSE YOUR CALLING CAN RECOGNIZE YOU", "ngf_06136_00390103751": "INITIALLY KUARAR STATES HAD ONLY A FEW MAJOR INDUSTRIAL COMPANIES", "ngf_06136_00154885813": "IN EIGHT HUNDRED FEET", "ngf_06136_00317937970": "THE IJOS SPEAK NINE CLOSELY RELATED MAIJA CONGO LANGUAGES", "ngf_06136_00406219476": "HEAD NOTH", "ngf_06136_00805881751": "NIJA DELTA GREENLAND JUSTICE MANDY DECLARED ITS EXISTENCE", "ngf_06136_00741201079": "KATIS AND DINA ARE CONVINCED THAT SHE IS TRYING TO SUBOTAGE THE ACT", "ngf_06136_00901558104": "AS A CHILD SEEING HAS SAID SHE WAS A TOM BOY", "ngf_06136_00868029058": "IT IS TWENTY SEVEN DEGREES WITH A THUNDER STORM IN CALABA", "ngf_06136_00864463038": "THIS IS A HIGHLAND PLATOO THE NORTHERLY CONTINUATION OF THE BAMENDA GRASS FIELDS", "ngf_06136_00679352014": "ALICE HAD LEARNT SEVERAL THINGS OF THIS SORT IN HER LESSONS", "ngf_06136_00835122087": "IN ONE AN A HALF CILOMITAS", "ngf_06136_00509808014": "I ALLOWED THIS DEVICE TO USE YOUR PAYMENTAND FORMITION TO HELP WITH POCESIS", "ngf_06136_00613284541": "A DEED IN LIEU OF FOR CLOSURE IS A DEED INSTRUMENT TO AVOID FOR CLOSOR PROCEEDINGS", "ngf_06136_00778905113": "AT THE ROUNDABOUT TAKE THE SECOND EXIT", "ngf_06136_00800110833": "PUT ON YOUR EAR BIRDS WHILE GENTLY TALKING THE LOOPS INTO EACH EAR", "ngf_06136_00673341207": "IN A QUARTER OF A MILE", "ngf_06136_00669670722": "E FIFTY METERS", "ngf_06136_00583186820": "FULLER PEOPLE WITH ARABIC AND NORTH AFRICAN ROOTES ADOPTED ISLAM EARLY", "ngf_06136_00883830611": "THANKS TO THE PERSUASION OF ENZOFARARI VICTORIO JANNO WAS LURNED FROM FIRES TO REPLACE MAROSI AS CHIEF DESIGNER AT ALFAROMIO", "ngf_06136_00790112957": "BOSTIVE SCHOOL COMMYTEA IS A SEVERAL MEMBERS SCHOOLBOY APPOINTED BY THE MAYOR", "ngf_06136_00564374430": "YOUR AP HAS BEEN TAKEN DOWN DUE TO A LEGAL ISSUE", "ngf_06136_00811048461": "THERE ARE TWO CITIES WITH MON STOP FLIGHTS FROM CAOU LA LOMPO", "ngf_06136_00735901676": "HEADSELF", "ngf_06136_00772642969": "THE RAINBOW IS A DIVISION OF WHITE LIGHT INTO MANY BEAUTIFUL COLORS", "ngf_06136_00726822927": "AT THE ROUNDABOUT TAKE THE FOURTH EXIT", "ngf_06136_00570564593": "THE DOSIL MIDLANE RIDGE MERGES INTO THE FIRST DOSILE FINS", "ngf_06136_00752726598": "AT THE ROUNDABOUT TAKE THE FIFTH EXIT", "ngf_06136_00911387500": "IN THREE HUNDRED YARDS", "ngf_06136_00710378919": "THE EXHAUST POT LENGTH IS CONSIDERED PART OF THE HEATHER PIPE FOR MEASUREMENT PURPOSES", "ngf_06136_00681581760": "IN HALF A MILE", "ngf_06136_00599397217": "THE JOHNALIST WERE JOSTLED AND ROCKS WERE THROWN AT THEM", "ngf_06136_00795525864": "LARGE HADRAWN KOLIDA EXPERIMENTS DELV DEEPER INTO PRECISION", "ngf_06136_00652603547": "KEEP LEFT AT THE FOG", "ngf_06136_00574817990": "IN FIVE HUNDRED METRES", "ngf_06136_00812745857": "IN FIVE HUNDRED FEET", "ngf_06136_00762364654": "JUPIE SIGNAL LOST", "ngf_06136_00624281315": "THE MASTRIN WAS DONNED BY CHRIS GIRRINGA AT THE STERLING SOUND IN NEW YORK CITY", "ngf_06136_00814853732": "IN SIX HUNDRED FEET", "ngf_06136_00719734380": "IN FIFTY YARDS", "ngf_06136_00632107270": "FELA CUTI WAS A POLITICAL GIANT IN AFRICA FROM THE SEVENTIES UNTIL HIS DEATH", "ngf_06136_00598317427": "HEAD WIST", "ngf_06136_00838832271": "AS THE DROS PERSISTS THE CONDITIONS SURROUNDING IT GRADUALLY WORSIN", "ngf_06136_00525507650": "THE DOOR IS MIXED WITH YEASED AND LOOKWARM WATER AND THEN FORMENTED FOR HOURS", "ngf_06136_00892814854": "NEWCAB LAST RELEASED A REMAS DIVERSION OF THE FIRST ALBUM OF DIFFINS", "ngf_06136_00726886963": "THERE IS A SPEECH SYNTHESIS ERROR WITH YOUR ABLIM", "ngf_06136_00830037931": "I HAVE A FEELING WILL BE TALKING ABOUT THIS FOR GENERATIONS TO COME", "ngf_06136_00818210482": "ADD AN APPOINTMENT ON THE EIGHTEENTH OF APRIL", "ngf_06136_00573259042": "IF YOU WANT TO DELEATE THE DRAUGHT JUST LONG PRESS THE VOLUME BOTTIN", "ngf_06136_00817327935": "THESE WOODS WERE PLANTED ON OVERGRAZED HEATHS", "ngf_06136_00870651502": "WHEN DELIVER IS SQUEEZED THE ARMS MOVED TOGETHER AND THE BRIGPIRE SQUEEZE THE RIM", "ngf_06136_00767663819": "PLEASE DESCRIBE THE PROBLEM", "ngf_06136_00871225405": "SHE LOVES KITTENS CHOCOLATE CAKES BISCUITS TEA AND OTHER ACUTE THINGS", "ngf_06136_00661863533": "IN ONE MILE", "ngf_06136_00749944755": "THERE ARE THREE CITIES WITH NON STOP FLIGHTS FROM SAN FRANCISCO", "ngf_06136_00683979369": "THE MOST IMPORTANT TRIBUTORY OF THE NAJA IN NADURIA IS THE BENWAY RIVER WHICH MERGES WITH THE RIVER AT LOCOJA IN NAGURIA", "ngf_06136_00876325096": "THIS IS THE PART WHERE THE MUSIC STARTS AND I GET TO BE A GAMESHIRE HORST", "ngf_06136_00736544539": "THERE ARE TWO CITIES WITH MONST OF FLIGHT FROM CHICAGO", "ngf_06136_00874537040": "IT IS THIRTY FIVE DEGREES WITH A CHANCE OF REIGN IN GOSSEL", "ngf_06136_00884942337": "A SLOW IS A WET LAND USUALLY A SWAMP OR SHALLOW LAKE OFTEN A BACKWATERD TO A LARGER BODY OF WATER", "ngf_06136_00794447230": "IT IS THIRTY DEGREES WITH A THUNDER STORM IN PORTACOT", "ngf_06136_00618053639": "SOME POPULAR FLAGHT DESTINATIONS FROM MADRID INCLUDE HALL AND PHILADELPHIA", "ngf_06136_00770394619": "TAKE THE INTERCHANGE ON THE RIGHT", "ngf_06136_00901136719": "IN TWO HUNDRED FEET", "ngf_06136_00866483126": "THANKS TO THE SUCCESS OF THE JA SINGA THE STUDIO WAS CASH RICH", "ngf_06136_00903055586": "BY THE TIME OF WARD WAR WORN THEY HAD BEGUN PRODUCING FILMS", "ngf_06136_00908240398": "THREAT AGAINST LENON CONTRIBUTED TO THE BANDES DECISION TO STOP TORY", "ngf_06136_01071891808": "BIG WIG IS AN EX OFFICER AND THE LARGEST AND BRIEVEST RABBIT OF THE GROUP", "ngf_06136_00950957512": "IN ONE CILOMITA", "ngf_06136_01182028940": "ENUGEL BECAME THE CAPITAL OF THE EASTERN REGION AFTER NIDERA'S INDEPENDENCE", "ngf_06136_01207047720": "IT IS THIRTY FOUR DEGREES AND PARTLY SONNY IN ONITURE", "ngf_06136_01302299867": "IT IS TWENTY EIGHT DEGREES WITH THE CHANTS OF SHOWERS IN LEOGOS", "ngf_06136_01117317979": "YOUR UP FACILITATE THREATS HARASMENT OR OTHER FORMS OF BULLYING", "ngf_06136_00917743152": "NON STOPPED FLIGHTS FROM HELSINKI TO BRISTL AREABOUT TEN HOURS AND FOUR MINUTES LONG", "ngf_06136_01183832825": "IN SOME CULTURES THE CARTAIN HAS SERVED AS A SYMBOL OF ROYALTY", "ngf_06136_01260122811": "THEN", "ngf_06136_00931026980": "THE PARADOX ARISES WHEN THE KATS IS DROPPED FROM IN LARGE HEIGHT", "ngf_06136_01241434039": "STANDADIZED ADDRESSES HELP YOUR SHIPMAINTS GET DELIVERED PROPERLY", "ngf_06136_01295645285": "THE EJOR PEOPLE OCCUPI BY ELSA RIVES DOLTA AQUAI BOM AND ONDUSTATES", "ngf_06136_01271580670": "OTHER CLOTHING GEEAR INCLUDES EGILLY WHICH IS THE WOMAN'S HEAD GEAR", "ngf_06136_01045677329": "IT WILL STAY IN PARING MODE FOR FIVE MINUTES BEFORE GOING BACK TO IDOR", "ngf_06136_00967159931": "LAGA IS A TYPE OF BAR CONDITIONED AT LOW TEMPERATURES", "ngf_06136_01133767583": "YOUR DESTINATION IS ON THE RIGHT", "ngf_06136_01262499766": "JUD ABAGA IS AN AGYRAN HIPPOP RECORDING ARTIST AN ERECOD PRODUCER", "ngf_06136_01183580063": "TURN LEFT TOWARD A BLAJOSHI ROD STROKE FORLA AGORO STREET", "ngf_06136_01175307487": "JACK WARNOUT CONTINUED TO REFUSE TO MEET SCREEN ACTORS GUILD SULERY DEMANDS", "ngf_06136_01358341306": "CHAYEN WAS TELEVICION'S FIRST ARE LONG WESTERN", "ngf_06136_01127559290": "RENTINTIN THE BUTE IN THE FEATRE WHERE THE NORTH BEGINS", "ngf_06136_01056429559": "FUFOUR IS A STEEBLE DISH IN A DURIA AND MOST OF WEST AFRICA", "ngf_06136_01291147289": "EXATE THE ROUNDABOUTS", "ngf_06136_01077095481": "BROILERS ARE SUSCEPTIBLE TO SKIN AND I LECIONS", "ngf_06136_01071129183": "THE CASUALTIES INCLUDE PEAR LANCE DUKE SAMSIN GREGG BIONS AND CRAG FOSTER", "ngf_06136_01008035892": "YOUR AP IS NOT ALLOWED TO CONTINUOUSLY PLAY NON STREAMIN MEDIA OR READ BAG TEXTTDU UA FOR A PERIOD LONGER THAN A HUNDRED AND TWENTY SECONDS", "ngf_06136_01001723835": "SET UP PAYMENT IN FULL AND ADDRESSES FOR YOUR PACKAGES GROCERIES AND OTHER PARCHASES", "ngf_06136_01251667037": "CLOSTED NONS OBSERVED PAPLE INCLUSE YOUR RULES", "ngf_06136_01143559996": "MOOZE IS THE FORMER CURATOR OF MODERN AND CONTEMPORARY ART AT THE ART GALLERY OF ONTARIO", "ngf_06136_01155194578": "THE COLLAR AZA ULTIMATELY TAKES HIS NAME FROM THE INTENSE BLUE MINERAL LAPIS LAZULI", "ngf_06136_01251774126": "TAKE THE FEIRY", "ngf_06136_01077687047": "YOU WILL NO LONGER BE ABLE TO START OR RECEIVE DOAL CAUSE ON THIS DEVICE", "ngf_06136_01325016586": "SKIP ARARM LIKE YOU'RE THE HAPPIEST PRESSING ON EARTH", "ngf_06136_01203926798": "THESE PORTAINS ARE RESPONSIBLE FOR HOSTEL BINDING AND INVISION", "ngf_06136_01213302198": "IN RURA NIGERIA EBO PEOPLE WALK MOSTLY AS CRAFTMEN FARMERS AND TRADERS", "ngf_06136_01182901708": "IRISH STEP DANCE WAS POPULARIZED BY THE SHORE RIVER DANCE", "ngf_06136_01335878403": "OTHER RELATED IJO SOBGROUBS ARE THE EPI ETISA ENGANI AND DEGAMA", "ngf_06136_01304893253": "THE SHORTEST FLIGHT FROM MARSIL TO OTTOWER IS ABOUT TEN HOURS AND FOUR MINUTES LONG", "ngf_06136_01491209648": "HEAD SOUTH EAST", "ngf_06136_01493713576": "IF YOU WANT TO DELEADE THE DRAUGHT JUST PRESS THE MIDDLE BUTTON", "ngf_06136_01369173470": "THE IPHO TAR IS THIRD AMONG THE TOP RESTAURANTS IN PARIS", "ngf_06136_01446579218": "LANDSCAPE BYGROUND IMAGE HAS INVALID DIMENSIONS", "ngf_06136_01424117442": "UARA IS SOFT COTETE CHEESE MADE FROM FRESH COW MILK", "ngf_06136_01363004835": "IT IS NOW A POPULAR VANTAGE POINT FOR THE ANUO ROUND THE ISLAND RACE", "ngf_06136_01481480754": "THERE OCCURRENTLY FOUR ACTIVE COIN PRODUCING MINTS", "ngf_06136_01231179721": "IT IS THIRTY ONE DEGREES WITH A CHANCE OF RAIN IN ORAN", "ngf_06136_01362793054": "OTHER NIGERAN MEN AND WOMEN TIPICALLY WEAR A TRADITIONAL STYLE CALLED BUBA", "ngf_06136_01392240143": "KEEP RIGHT AT THE FOLK", "ngf_06136_01498787039": "IN ONE FIFTY FEET", "ngf_06136_01406946882": "IN ONE FIFTY METERES", "ngf_06136_01368835715": "BEHOLD THE ANCIENT THOME OF ARGUMENTED ANIMAL APPELLATIONS", "ngf_06136_01373772653": "IN ONE HUNDRED METRES", "ngf_06136_01312546283": "IBENI UPAVI WAS USED TO SETTLE CASES PARTICULARLY THOSE OF MURDER WITCHCRAFT POISONING AND FAMILY DISPUTES", "ngf_06136_01473330030": "IN ONE AND A HALF MILES", "ngf_06136_01372803997": "KARBY WOULD LATER RETURN TO THE USE OF COLAGE IN HIS FOURTHWARD WALK", "ngf_06136_01440913879": "TURN RIGHT", "ngf_06136_01811399774": "IN ONE HUNDRED FEET", "ngf_06136_01517603915": "CONTINUE STRAIGHT", "ngf_06136_01549715454": "HE SPEAKS IN HIS DRINK WHAT HE THOUGHT IN HIS DRAUGHT", "ngf_06136_01552243504": "SHOPWRIGHT", "ngf_06136_01738191604": "TAKE THE TRAIN", "ngf_06136_01659113218": "CLOSING THE GUGO ASSISTANT UP PREVENTS IT FROM WORKING WITH YOUR HEADFONES", "ngf_06136_01608780193": "SLIGHT LEFT ON TO THE SLEEP ROAD", "ngf_06136_01638956281": "CONTINUE ON THIS SLIP ROAD", "ngf_06136_01510037424": "NETHERLANDS LITERALLY MEANS LOWER COUNTRIES REFERRING TO HIS LOW LINS AND FLAT GEOGRAPHY", "ngf_06136_01538313987": "HOWEVER HIS TRUE ALLIANCE IN THE TELIVITION SERIES IS TO SCORGE", "ngf_06136_01618438426": "THIS NOVEL WAS HIGHLY INFLUENCED BY VICTORIAN FAIRY TALES AND CULTURE", "ngf_06136_01525745983": "THE CATEGORY SPECIFIED FOR YOUR AP DOES NOT ACCURATELY REFLECT ITS FUNCTIONALITY", "ngf_06136_01577722536": "A SALV IS A MEDICAL OINTMENT USED TO SOOTHE THE SUFFACE OF THE BODY", "ngf_06136_01521258294": "YOU HAVE ARRIVED", "ngf_06136_01602571474": "HEAD NORTHWEST", "ngf_06136_01617352321": "SLIGHT LIFT", "ngf_06136_01610927250": "CURIOSITY IS A CAR SIZED ROVER DESIGNE TO EXPLORE GIL CREATER ON MARS", "ngf_06136_01505443609": "IN TWO MILES", "ngf_06136_01760642994": "HEAD SOUTHWEST", "ngf_06136_01580237922": "MAKE SURE THAT YOUR FORM IS CONNECTED WITH THE CARVIRE BLUE TOOTH", "ngf_06136_01513444956": "YOUR DESTINATION IS ON THE LEFT", "ngf_06136_01663481003": "PETER HOLL TOOK OVER TO MANAGE THE MOVE TO THE SOUTH BANK", "ngf_06136_01545597973": "IN TWO HUNDRED YARDS", "ngf_06136_01560832519": "IN FIFTY FEET", "ngf_06136_01602180039": "STAR TRACK PREMARED IN EIGHTEEN SIXTY SIX ON TELEVISION AND RAN THROUGH THE IN EIGHTEEN SIXTY NEIGHT SEASON", "ngf_06136_01750310966": "JUST TELL ME WHICH TOY YOU WANT", "ngf_06136_01720952275": "TINE LEFT ON THI SLEEP ROOD", "ngf_06136_01574595025": "THE IRISH VERSIAN WAS PLEASANTLY GOOD HUMOURED", "ngf_06136_01536677346": "HEAD NORTH EAST", "ngf_06136_01897856547": "A GASP MAY INDICATE DIFFICULTY BREATHING AN EPANICE EFFORT TO DRAW AIR INTO THE LUNGS", "ngf_06136_01833368891": "IN THREE MILES", "ngf_06136_01691570051": "ONE CONTROVERSIAL AREA HAD BEEN THE BUDGET COTS", "ngf_06136_01728612215": "YOU WILL ARRIVE AT YOUR DESTINATION", "ngf_06136_01876000009": "THERE ARE THREE CITIES WITH LONSTOFF FLIGHTS TO JERUSALEM", "ngf_06136_01878600188": "THE WOMEN WEAR A BLOUSE AND ALSO TIE A GEORGE ROPPER AROUND THEIR WAIST", "ngf_06136_01856245409": "I'D A PARTY ON MY KALENDA FROM EIGHT IN THE EVENING TO ELEVEN AT NIGHT", "ngf_06136_01903274023": "THE OTHER MAJOR IJOL INGUISTIC GROUP IS THE CALABARI", "ngf_06136_01687547257": "I'LL FLIP TO ANY PAGE JUST SAY A NUMBER FROM ONE TO EIGHT HUNDRED AND SIXTY THREE", "ngf_06136_01856883117": "CONTINUE STRAIT", "ngf_06136_01869772509": "IT IS THIRTY ONE DEGREES WITH THE CHANCE OF SHOWERS IN A KURE", "ngf_06136_01908640959": "IN FOUR HUNDRED METRES", "ngf_06136_01706688501": "HERE IS A FORMATION FOR FLIGHT FROM ALIPO TO LOCHNOW", "ngf_06136_01661105507": "IN FOUR HUNDRED YARDS", "ngf_06136_01821451876": "ALICE THOUGHT OVER ALL SHE COULD REMEMBER ABOUT RAVINGS AND THE RATING DESK", "ngf_06136_01877748431": "ADD YOUR HOME AND WALK LOCATION SO YOU CAN ASK YOUR ASSISTANT ABOUT YOUR COMMYUDE", "ngf_06136_01908703880": "YOUR DESTINATION WILL BE ON THE LEFT", "ngf_06136_01699700084": "TUNIOR BRAIN TO THE WORLD OF MUSIC", "ngf_06136_01919203371": "IT IS THIRTY FOUR DEGREES WITH HEAVY RAIN IN CATSINA", "ngf_06136_02134832594": "AT THE ROUNDABOUT TAKE THE THIRD EXIT", "ngf_06136_02090854307": "FLATES FROM DELLY TO KINGSTEON LEAVING OCTOBER NAY START AT THREE HUNDRED POUNDS", "ngf_07049_00160623855": "UNK WUL LUMA SHEDDY LOCATION WITH YOU", "ngf_06136_02028487227": "DETA CONNECTION LOST", "ngf_06136_02057732596": "IN THREE HUNDRED FEET", "ngf_07049_00115581225": "A JUST SETTINCE FOR THESE ACCOUNT", "ngf_07049_00010111957": "THE FOLLOWING CITIES HAVE NON STOPPED FLIES FROM BEYROT", "ngf_06136_01974237977": "SHARP LEFT", "ngf_06136_02018288417": "CHAPAU WADI IS THE HIGHEST MOUNTAIN IN NAGDURA", "ngf_06136_01931608113": "HIS FLUMBOYANCE AND HUNGER FOR PUBLICITY EARNS MICHAEL'S DISPLEASURE", "ngf_06136_02097617655": "AT THE ROUND ABOUT EXIT ON TO THE SLEEP ROAD", "ngf_06136_02015503323": "THE FORNAR OF THE STATE OF ORGON INCLUDES A WIDE ARRAY OF SPECIES", "ngf_07049_00043859375": "O FORNIS AN ROUBLE COMMEN SINCE A MAMA LUKA GOVMENT EREA IN BAOSAL", "ngf_07049_00036977238": "MEXSHO ASSISTANCE ASSESSARY IS POADON", "ngf_07049_00030564948": "PREPARE FOR YOUR QUESTION", "ngf_06136_02115519913": "TAKE THE SLIP ROAD", "ngf_06136_01974723434": "NELSON WAS NOT PERMITTED TO WRESTLE AGAINST CULCATIONS IN SOME TERRITORIES", "ngf_07049_00166550304": "CHANGE THE ORDER OF YOUR NARRATIVE NEWS BY DRUGGING", "ngf_06136_02085138203": "NAVIGATION RESUMED", "ngf_07049_00094239279": "ROPHALS TEPUSTRIES WERE LOOTED DURING THE SUCK OF ROM IN FIFTEEN TWENTY SEVEN AND WERE EITHER BORNES FOR THEIR PRECIOUS METAL CONTENT ORWAYS CUTTERED AROUND EUROPE", "ngf_06136_02057307792": "THE NIGERAN GOVERNMENT SENT TROOPS TO OCCUPY THE BIOSA AND DOTA STATES", "ngf_06136_02015011757": "IT IS THIRTY DEGREES WITH A CHANCE OF SHOWERS IN YENOGUA", "ngf_06136_01995864597": "IN TWO CHILOMITES", "ngf_07049_00099260540": "IT IS THIRTY FIVE DEGREES WI LATEREN IN OFFER", "ngf_06136_02019114716": "AT THE ROUNDABOUT TAKE THE FIRST EXIT", "ngf_06136_02138974919": "IT IS THIRTY FIVE DEGREES WITH SHOWERS IN CARU", "ngf_06136_02042919224": "IN THREE KILOMITAS", "ngf_06136_02107182948": "JUST SAY ONE COMMANDER YOUR ASSISTANT WILL DO MULTIPUT THINGS", "ngf_06136_02005249059": "TAKE THE EXIT ON THE RIGHT", "ngf_06136_01996514282": "IN FOUR HUNDRED FEET", "ngf_06136_02123278199": "LOOKS LIKE WE'LL HAVE TO TRY A FOOD THAT'S MORE LIKE ACTUAL FOOD", "ngf_06136_01956226021": "JUST TOUCH AND HOLD THE RIGHT EAR BOID AND START TALKING", "ngf_06136_01946438867": "PULL ON LEG OUT OF THE CIRCLE KICK AS HIGH AS YOU CAN AND DON'T HIT ANY ONE", "ngf_06136_02059787099": "OBU DU PLATOO IS FOUND ON THE OSHY RIDGE OF THE SANQUALA MOUNTAIN RANGE", "ngf_07049_00540634237": "THE ABO UTUB UTOB MUSIC AND UTUPTIVI FOR USAS US VOICES UNRECOGNIZED BY ASSISTANT USING VOICE MARCH", "ngf_07049_00460262761": "REALDBUN RECOGNITION IN THAT PART OF THE GLOBE WAS ALREADY MADE ESTABLISHED AS THE CLUB MADE FINANCIALLY SUCCESSFUL TRIPS TO ISSURE DURING PROVERSE OF SEASONS", "ngf_07049_00516338419": "STUMP AROUND IN IMAGINARY CLOTHES THOU WAITS O BIG ON YEU", "ngf_07049_00813814006": "TIRNE OF LIGHTS ARE JUST THE TEMESTOTS", "ngf_07049_00311655245": "MAKE A SERIOUS FIST AND DON'T MAKE ANYONE ELSE LAUGH", "ngf_07049_00205183634": "I CAN'T FIND THAT PAGE EDE", "ngf_07049_00080957454": "YES IT'S A SNOWING IN COPEN HAGIN", "ngf_07049_00543307976": "DOUBLE TAP TO MANAGE YO PRESSON IN FOR SETTENE", "ngf_07049_00384475283": "AT THE PEMAS IN LAWS ANGELIS NEW YORK AND LONDON ORDENSUS PROTCHESS FIFTEEN POINTS SIX MILLION DOLLARS IN WAR BORNES FOR THE GOVERMENTS", "ngf_07049_00602905521": "I THINK SOMETHING FOUND US", "ngf_07049_00432687398": "WHO IS ASKING THE QUESTIONS HERE", "ngf_07049_00764744214": "ONE MORTHIN I'LL BE CALLING OUT DANCE MOOTH FOR YOU TO DANCE TOO", "ngf_07049_00356735359": "GIVE ME A SECOND SPUT ON MY GAME SHOW HOSE COSTUME", "ngf_07049_00939608402": "IT IS TWENTY THREE DEGREES WHICH SHOW US IN KADUNA", "ngf_07049_00237568735": "IF A WALL TETCHER OUT COUNTS THIS AS EXTRA CREDIT", "ngf_07049_00199590016": "WHEN YOU CONTROL AMAZON PRIME SERFICE TRUGUGOHOM OR ASKING FOR MISSION RELATED TO AMAZON PRIME THIS QUARRIES MAY BE SENT TO AMAZON FOR USING ACCORDANCE WITH HIS PRIVATE STATEMENT", "ngf_07049_00915188549": "THIS IS THE LAST ROUND OR AS I LIKE TO CALL IT THE FEN AROUND", "ngf_07049_00223751877": "YOU'RE UP INCLUDE CERTAIN RESERVED TERMS SUCH AS ASSISTANCE OR SIS", "ngf_07049_00136592220": "WE'RE MOVING INSO THE FINAL ROUND", "ngf_07049_00819257439": "HOW DO YOU LIKE THE QUEEN", "ngf_07049_00330515599": "HIS NEW AS RESTAURANTS WON THE CONCEILE CHOICE A WORD", "ngf_07049_00481231139": "THIS MAKES VOICE COMMANDS EASIER", "ngf_07049_00817784011": "PUSH ONATIFICATION PERMISSION REQUIRED", "ngf_07049_00313134542": "THE GAME SURE THAT YOU CAN PLAY IN YOUR PAJAMAS", "ngf_07049_00309543390": "CONTERET YOUR MIND AS RIGHT NOW", "ngf_07049_00800433436": "I'VE GOT A GREAT LANGUAGE QUESTION FOR YOU", "ngf_07049_00298164595": "IT IS TWENTY FOUR DEGREES WITH LIGHT RAINING EQERUM", "ngf_07049_00570760599": "ITIS THIRTY THREE DEGREES WITH RAININ WILL CARRY", "ngf_07049_00819983329": "THEY'RE THREE CITIES WITH LON STOP FLIES FROM AMETHABAT", "ngf_07049_00359747072": "TALL MUSSARA IS A CONFLY DISH ITTING INORTHERN NAGER E", "ngf_07049_00151511820": "IT A THIRTY DEGREES WITH THE STORM IN JALINGU", "ngf_07049_00351629570": "I LIKE COOKING MA JELLAR FRIGHT IN THE OVEN", "ngf_07049_00989022723": "SHORE MY FOTOS FROM THE NINTH OF SEPTEMBER", "ngf_07049_00530190825": "A SARI IS THE FORMER PRESEDENT OF THE IJOYUZ COUNCUL", "ngf_07049_00439096970": "NOTHING CAN BE CLEARER THAN THAT", "ngf_07049_00816740408": "SO THEY BEGAN SOLEMNLY DANCING ROUND AND ROUND", "ngf_07049_00947305705": "OTHER BOS APPLSOS", "ngf_07049_01014530639": "ARE YOU SURE YOU WANT TO LEAVE THIS PAGE", "ngf_07049_00882167287": "HOW WOULD YOU LIKE TO PLAY ORDOU THROUGH YOUR CAS BECAUSE", "ngf_07049_00927394089": "JAMES DERTH IS THE FORMER AMERICAN FOR BORLONG SNAPPER", "ngf_07049_00239025577": "WIHANNAH PAULED OUT OF THE GARRAGE AND ON TO THE STREET", "ngf_07049_00970364128": "SORRY IMAGINCY CALLS AREN'T AVAILABLE ON GUGOHOM", "ngf_07049_00375179778": "HOPE YOU BROUGHT YOUR PASSPORT", "ngf_07049_00610047386": "PLEASE REDEPLOY YOR AP ONCE IT IS IN A COMPLETE STATES", "ngf_07049_00967172440": "THE AZOUR IS MAINLY MADE UP OF SIR HELIAN AND SIR HURAN FLATLAND", "ngf_07049_00925741487": "TON LEFT TOWARDS A BOYINGLY OUTROOD", "ngf_07049_00358638742": "IT WAS TWENTY FIVE DEGREES WITH THE CHANCE OF SHOWERS AND USUCA", "ngf_07049_00679726936": "IT IS THIRTY DEGREES I'M PARTLY SON IN A BILCUTA", "ngf_07049_00752601552": "FETCH ME MY GLOTHES THIS MOMENT", "ngf_07049_00144757200": "JOSA WAS BORN IN THE FAMILY OF HAMZAT AND HA JAHRATS JOSSAY", "ngf_07049_00782034235": "ONE YEAR LATER IT WAS NIM CHAIRMAN ON THE BOD AND CHIEF EXECUTIVE OFFICER AND ABOITER TERRER SAMENEL PRESEDENT AND CHIEF OR BRITAIN OFFICER", "ngf_07049_00256781383": "MUTTU LEGS LAYONS TIGAS AND BEARS", "ngf_07049_00400896290": "TAFFS WAS BURNING ILMORE AND ILLINOIS", "ngf_07049_00829890421": "YOU HAVE MESSAGES FROM CHAKUBI ANIGBIRAA", "ngf_07049_00343305203": "LET'S CHARKAL DE TROY BOOKS", "ngf_07049_00535625442": "THE POST OFFICE ALSESE MORALS DEPICTING PASTORAL SCENES", "ngf_07049_00757382855": "OKI LET JUS AD THE FIRST ROUND", "ngf_07049_00540489715": "DANCED LIKE YOUR REALLY MET ABOUT SOMETHING", "ngf_07049_00209222706": "DEIRED ACTIONS EMPLOY SPECIALIZED MITRIC UP ABILITIES TO CEASE DESTROY CAPTURE EXPLOIT RECOVER OR DAMAGE DESIGNATED TARGETS", "ngf_07049_00883784776": "THE MOMENT OF TRITERS ARRIVED", "ngf_07049_01106582672": "THE UNITED STATES LOST EREOMARGRID FIVE ZER", "ngf_07049_01010747417": "THESE ANDDOMBE VILLAGES LEAVING A DIFFERENT ACOLOGICAL ZON FROM THOSE OF THE PLATOU AND ALL PAMPPLANTATIONS AND GALLERY FORESTS ARE FOUND THEY", "ngf_07049_00845683519": "IT IS TWENTY NINE DEGREES AND PATLY SONIIN ADRICIZI", "ngf_07049_01080359162": "CHANGE LANGUAGE ON ALL GOGOOUM DEVICES", "ngf_07049_01075842506": "CHOOSE YOUR WORDS CAREFULLY", "ngf_07049_00949000179": "AS PLAGUESPREAD A SYSTEM OF CORRENTINE WAS INTRODUCED", "ngf_07049_01092201077": "LEWIS SHED A LOCITION WITH YOU", "ngf_07049_00858270340": "SHOW MY A GENDA FOR NEXT THURSDAY", "ngf_07049_01064064656": "YOUR NEXT EVENT IS COURT CHAND LAS PREAD THEE", "ngf_07049_00998106879": "THESE WILL APPEAR IN MACTIVITY AS USUAL", "ngf_07049_01005501356": "ABSTAFASILITITO ANY BUDHE ATORMISSION OF SMATON DEVICES INCLUDING LIGHTING DEMOSTATS LOCKS SMOKE LAMS OR SECURITY MONDIN DEVICES ARE NOT ALLOWED", "ngf_07049_01015010033": "HANSEL'S REMIND UFP OF MY SISTER'S BIRTHDE EVERY YEAR", "ngf_07049_01033458294": "NEXT LEAN ABOUT THE NEW THENES THAT YOU ASSISTANT CAN DO", "ngf_07049_01062510971": "BY THE WAY YOU CAN LISTEN TO YOUR NUTIFICATIONS FOR OBSUAN HOUR", "ngf_07049_01031834859": "ONCE YOU SAY I'M READY I'LL NOTICE THAT THE FIRST ROUND", "ngf_07049_01094298613": "IT'S FOR THE BOOK WANTS OUT THERE", "ngf_07049_01323914231": "SORRY WOULD TI DO ONE A PLEAY WITH", "ngf_07049_01202241038": "I'LL GO AHEAD AND ASSUME YOUR FEELING LUCKY AND START THE SHOW", "ngf_07049_01191947356": "MORSA IS FORMENTED CORN GROUND INTO A THICK PIST", "ngf_07049_01348941404": "CALGONY SU JUCK WERE ENOUGH FOR BRIDGE OF CONTRACT", "ngf_07049_01183676777": "WELL IT'S NO FUN HAVING A PET THA MOOS AT THE SPEED OF LATE ANYWAY", "ngf_07049_01405827238": "IT ISN'T SNOBBING IN WORSE SAUL IT IS MANOS ELEVEN UN CLOUDY", "ngf_07049_01341184529": "A BOARD CUT LEAN ON A COACH", "ngf_07049_01171999039": "TEACH YOU ASSISTANT YOUR VOICE AGAIN", "ngf_07049_01158513563": "YOU MIGHT HAVE HEARD THIS ON BEFORE", "ngf_07049_01175950501": "YOU'R SMARTIVIIS OFFLANE SO I CAN'T UPHERE AT THE MOMENT", "ngf_07049_01097014603": "ECONOMICALLY VALUABLE PETRULIUM WAS DISCOVERED IN UGONILAND", "ngf_07049_01137650062": "VOICE MUCH ELPS THE ASSISTANT IDENTIFY HE THOS VOICE ANTELL OUR PART FROM ORDERS BY QUITTING A UNIQUE MUDDLE OF OUR VOICE ON JYSTIFIES", "ngf_07049_01282202163": "POOR JUST AS NO FEETS ASSOCIATED WITH IT", "ngf_07049_01079467783": "WHEN YOUR BESTITS WAS CREATED THEY WERE JUST FOUR EMIRITES", "ngf_07049_01255159008": "THE NATIONAL AUSTHIATR IS THE PIRMARY CENTRE FOR THE PERFORMING ARTS", "ngf_07049_01222516650": "HERE'S A FORMY DABLE QUERY ABOUT LANGUAGE", "ngf_07049_01398180627": "SHART THEIN CHICKEN WING", "ngf_07049_01190131640": "LET THE JINGLE BELL JIG", "ngf_07049_01090534066": "ZELOS ONES BECAME ANNOED WITH APHRODATE", "ngf_07049_01157047547": "AN FEATURE IN CREATURES IN THIS NEXT QUESTION", "ngf_07049_01366557357": "IT IS TWENTY NINE DEGREES WITH RAIN SHOWERS IN A BACALIKI", "ngf_07049_01318343648": "THE DIFFERENCE IN THE RAINBOW DEPENDS CONSIDERABLY UPON THE SIZE OF THE DROPS", "ngf_07049_01285731015": "THER FORE ITIS WITH LONSTOP FLICES TO AMILTIN", "ngf_07049_01128492714": "POPULAR FLAHT DESTINATIONS INCLUDE E SLAMEBAD AND ZAGRIB", "ngf_07049_01214454556": "REMIND ME TO REMOVE THE CASTERO FROM THE OVON AT FIFTY EIGHT PAST SEVEN", "ngf_07049_01293910790": "SET ON ALAM FOR EVERY MONDAY AFTERNOON", "ngf_07049_01298313578": "IT IS TWENTY FOUR DEGREES WITH HEAVY RAIN IN SULIGAR", "ngf_07049_01399776351": "ACUTE EPISODES OF SANNECIETIES CAN ALSO RESOLT FROM FONGAR IN VISION", "ngf_07049_01139599847": "THE WADABI TRADITIONALLY EATS MILETS MILK AND MEAT AS TIPUS", "ngf_07049_01513901977": "SLIDE YOUR FEET ALONG THE GROUND LIKE A WALKING ON THE MOON", "ngf_07049_01480168819": "MANY SCIENTIFIC CONCEPTS ARE OF NECESSITY VAGUE", "ngf_07049_01557633426": "IT'S MILACCO HIS SHOWN IN CERTAIN POINTS", "ngf_07049_01560560474": "TO BROKAS ON YOU HOME DEVICES JUST TOLD ME THE MESSAGE", "ngf_07049_01862554003": "THERE'S ONLY ONE ROUND LIFT", "ngf_07049_01504457305": "IT'S A STWENTY SEVEN DEGREES ON CLAIM MY DEGREE", "ngf_07049_01515741811": "DOUBLES HAP TO MANAGE YO VID YOU UNFORTO SERVICS SETENS", "ngf_07049_01434063268": "HE RAN US TIS THE SEVENTH PLANNET FROM THE SUGN", "ngf_07049_01556075327": "HOWEVER THIS FEELI SOON LOSTYE APPEAL AMONG MOVI GOARS", "ngf_07049_01454409290": "IT IS THIRTY FOUR DEGREES WITH SHOWERS AN EFFAIR", "ngf_07049_01578814805": "THE AFRICAN BUSH ELEPHANT IS A VERY ACTIVE AND SOCIAL MAMMO", "ngf_07049_01759082752": "JUST TOUCH AND HOLD THE OWNBOTTIN THEN TAP HEAD FON SETTENS", "ngf_07049_01412699889": "DESPITE ITS EXPENSIVE BUDGERT NOAH'S ARK WAS PROFITABLE", "ngf_07049_01440165480": "TI OUR SAVAGE SINGS IN ENGLISH ANURBA", "ngf_07049_01631601492": "AS YOU DANCE JUMP UP AS HIGH AS YOU CAN", "ngf_07049_01534366636": "SET A TAMA FOR THREE MINUTES", "ngf_07049_01636848529": "IF ONE SHOW HOW TO DO SO PLEASE CONSULT YOUR COUSMANOW", "ngf_07049_01579299690": "LIP AROUND AS YOU THROW AND DODGE IMAGINARY SNOWBALLS", "ngf_07049_01414845019": "THE INSINEC CONNECION APPEARS TO BE OFF LAME", "ngf_07049_01880947212": "EVEN IN FLOODED IREAS PIERS DESTRUCTION CONTINUED THROUGH TURF DREDGING", "ngf_07049_01373452749": "GAIMAN WROTE A SEMIL AUTOBIOGRAPHICAL STORY ABOUT A BOY'S FASCINATIONAN WITH MYKILMORCOCK ANTA ERAU FOR EDCROMARS AND THOLOGY TALES OF THE WHITEWOLF", "ngf_07049_01695276169": "THE VISIBU PHENOMINON DUE TO THE PASSAGE OF AN ASTORADE OR MATURIDE TRUE THE ATMOSPHERE IS CALLED IM MATURE", "ngf_07049_01710856801": "NORTHERN CATALPA HAS A SRUNK UP TO ONE MITE DIAMETER", "ngf_07049_01795474880": "DANS LIKE YOU'RE HOLDING A THOUSON PALN POM KIN", "ngf_07049_01996796842": "MA MIRIFETY FISH EBLADE", "ngf_07049_02119907379": "ITIS TWENTY NINHT DEGREES IN CLAIN BUGUMA", "ngf_07508_00128706623": "YOU CAN REMOVE VOICE MUCH PERMISSION LITTER BY TURNING IT OF IN ASSISTANT SETTENCE OR FAMILY LINK", "ngf_07049_02055093851": "IT'S LIKE A GAMSHAW BUT YOU DON'T WIN ANY MONEY OR PRISES", "ngf_07508_00060675077": "THE AGUGUL ASSISTANT USES JOICES RECORDINS TO CREATE E VOICE PATTERN WHICH IS STOD ON THE AGUGUL ASSISTANT SOPPORTED DEVICES", "ngf_07508_00072870586": "CREATURES CALLED NOM'S AVVINUSE IN THE FANCYTY JANRO OF FICTION SINCE THE MIDNINETEENTH CENTURY TYPICALLY IN E CONNINE BROW SUCH AS AN INVENTOR", "ngf_07049_01956327986": "WHENEVER YOU NEED TO JUST THEY REPEAT STATOVAR AWKUIDS", "ngf_07049_01975055997": "HOW GLORIOUSLY GHASTLY", "ngf_07049_02127154772": "BUT IF HE WANT T ENDY GAME EARLY JUST HE STOP", "ngf_07049_01992040244": "HAPPIT THANKSGIVE IN", "ngf_07049_01943399924": "IF YOU WANT TO PLAY ANOTHER MARCH JUST SEE YES", "ngf_07049_02130066968": "NOW LET'S SEE IF YOUARE READY TO CUT HER", "ngf_07049_02029369765": "SOME SIBAH ATTAKS ARE ORDERED BY FOREIGN GOVERNMENTS THIS GOVERNMENT ENGUGED IN SABAH WOFFER WITH THE INTENT TO SPREAD THEIR PROPAGANDA SABUTAGE OR SPY ON THEIR TUGGETS", "ngf_07508_00068784604": "MUDCOTT IS AN EXTRACARICLAR ACTIVITY AND MANY LAW SCOOLS IN WHICH PATISPANSTAK PART IN SIMILATED COT OR ABITRATION PROCEEDINGS", "ngf_07049_01921563630": "IT WILL BE BORED IF LESS THAN ONE PERSON PLEASE", "ngf_07508_00191626595": "THE EFIC IBIBIO CULCIO WAS PROTECTED BY A SECRES SOCIETY THE EQUAR THAT WAS INDIGENOUS TO SOUTHEASTERN ANINXURIAR", "ngf_07508_00102201459": "THE HOLINESS REVIVAL WAS PRIMARILY AMONG PEOPLE OF METHODY'S PERSUASION WHO FELT THAT HE CHATTER AD ONCE AGAIN BECOME A PATHETIC LOSING THE WESLEYANNZIL", "ngf_07049_02074471393": "THE KADUNA REVISE THE TRIBUTORY OF THE NAJA RIVA", "ngf_07049_02116870720": "THE OILE ORIGINETZIN POLYNESIA", "ngf_07049_01680364750": "NAGIRA WAS THE WALDS LADGES COCKO EXPOTER", "ngf_07049_02035693870": "MAC ALBART IS A CANADIAN DEVASITY AND INCLUSION ADVOCATES", "ngf_07049_01897066949": "BOYCE MUCH IS NOW SET UP ON YASSISTAND SPEAKER", "ngf_07049_01898876387": "BEN ANY ONE WHO WAS IN A GERIAN PAINTER AND SCOPTO", "ngf_07049_01744485023": "IT  ESITHRY DEGREES A MOSTLY SONNYIN ABONEMA", "ngf_07049_02104059334": "GARGORLS IS AN AMERICAN ANIMATEAT ELEVITION SRS", "ngf_07049_01981950827": "WHISKID WAS BORNE ON IN SURILIRI", "ngf_07049_01916660630": "OLOWA GOBO IS ALSO KNOWN AS AQUANGO", "ngf_07049_02002262367": "JULY ANDREW ON THE JEWISH EQUATION OF DIVINITY AND LAW", "ngf_07049_01673699236": "NASSA OMORIGI IS CURRENTLY SAYING TO CHOCOLATE CITY", "ngf_07049_01771928890": "THOU WE ORIGINALLY A BURBRA SPEAKING PEOPLE", "ngf_07049_02125317770": "HAVE YOUR ASISTER AND DO MURTIPU THINGS WITH JUST ONE COMMAND", "ngf_07049_01888062641": "CRATE SHOT COTS TO FINISH TUX FUSTER", "ngf_07049_02032721845": "WHEN HE RECOLLECTS OUR AQUATAMID THE GANGEROUS JOURNEY ITS WAYS", "ngf_07049_02047924803": "IT'S TWENTY THREE DEGREES WITH IT UNDERSTOM IND LAUGH YER", "ngf_07508_00175059402": "AT DE OLUFERCO IS ITS ACNOLOGIST COGNITIVE DESIGNER AN CUPINOR AN FUTURIST", "ngf_07508_00127673088": "BAGWELL SHE IS A SINGLE BY DIVIDOU", "ngf_07049_02099724857": "THE WIDE YELLOW BAND IS WHITE SINCE RED AND GREEN LIGHTS WHEN MIXED FOR MIALU", "ngf_07049_01892468519": "TOEN WRITES TO STAY ON A LARGE TO JOURNEY ROOD", "ngf_07049_02054655832": "AQUABUM MA INVITED YOU TO AN EVENT", "ngf_07049_01880152611": "TO TROUBLE SHOOT VISIT THE ELP CENTER", "ngf_07049_01911143253": "VOICE MUCH LET YOU ASSISTEN RECOGNIZE YOUR VOICE AND USE IT TO ACCESS YOUR PESSONAL RESULTS LIKE CALENDA EVENTS BEASED ON YOUR ACCOUNTS", "ngf_07049_01720043044": "THE ROTATIONS ARE APPLIED IN ORDER YOR PEACH AND RULE", "ngf_07508_00894710466": "HIGH HUMIDITY IMPAIRS HEAT'S EXCHANGE EFFICIENCY BY REDUCING THE RATE OF MOISTURE EVAPORATION FROM SKIN SUFPHICES", "ngf_07508_00385600037": "PORTS ARE USUALLY IN THE CENTRE CONSOLE AMREST OR GLOVE BOX COMPARTMENT", "ngf_07508_00426225333": "WITHIN THE ISTACIAN ARTISTIC TRADITION CHINA HAS BEEN THE ACKNOWLEDGED TEACHER AND TO PAN THE DEVOTED STUDENT", "ngf_07508_01075295611": "YOU UP EITHER LACKS WITHNOBLE SENSITIVITY TOWARDS OR CAPITALIZES ON NATURAL DISASTERS ATROCITIES CONFLICT DEATH OR OTHER TRAGIC EVENTS", "ngf_07508_00749184792": "THE JURAS ARE VILIBLE IN WHITE A EXPANSIVE AND SIMILAR SO THOSE FOUND IN ADOFIXIA JUROS", "ngf_07508_00197463900": "FORMANAN GURIAN PRESEDENT TO MARU MUSSAR JARADOA SIGNED THE AMNESTY AFTER CONSOLATION WITH THE NATIONAL COUNCIL OF STATE", "ngf_07508_01165846574": "SOYFLY IS MADE BY ROOSTING THE SOIBEIN REMOVING THE COURT AND GRINDING INTO A FLOWER", "ngf_07508_00693447281": "IT HAS VERY RESENTLLY BEEN REHABILITATED TO IS FORMER GLORY BY THE PROTIA SOUTH AFRICAN HOTAU CHAIN", "ngf_07508_00889804299": "IN FACT YOU ALL DESERVE A ROUND OF A PLACE BUT MAYBE GIVE A LITTLE BE EXTRA TO HARMING BIRD", "ngf_07508_00473642775": "THE FOOD AND DRUG ADMINISTRATION DOES NOT REQUIRE DISCLOSURE OF COMPENENCE AND AMOUNTS OF NATURAL FLAVOR", "ngf_07508_01206367387": "DIS ALLUSION WITH THE CIRCUMSTANCES OF DELECTION BECER BEDFALWOUT TO ISNUTTINGHAM", "ngf_07508_00958260322": "THE NIHT AM INVASION IS USUALLY DESTROYED SOON AFTER SUN RISE", "ngf_07508_01044486144": "MOST OF THE PLATEZOS LANGUAGES ARE IN THE CHATTIC FAMILY WHICH IS PART OF THE AFRICIATIK FAMILY", "ngf_07508_00755848734": "ON LINK YOU ACCOUNT WITON OF PASEN ALIZE RECOMMENDATIONS AND VOICE ACTIONS", "ngf_07508_01122122904": "FLIES FROM NANTES TO OUSTIN LIVING GENERALY THREE STAT AT FIVE HUNDRED POUNDS", "ngf_07508_00695990921": "LAGER MORE NATURAL INCLOSURES WITH WIRE MESH OR LAMNATEC GLASS INSTEAD OF LOWER DENS ALLOWED VISITORS TO COME CLOSER THAN EVER TO THE ANIMALS", "ngf_07508_01036597188": "VARKAY PART OF THE THIGH BAZED ASEN FOR BOR INVESTMENT CONSUTIUM WAS APPOINTED NEW CHARMAN OF THE CLUB", "ngf_07508_00777373060": "IF YOU TURN OUR VOICE MACH YOU WILL ONLINK YOUR ACCOUNT FROM THIS DEVICE", "ngf_07508_00410269498": "NO E MIS FOR WABASY", "ngf_07508_01059499773": "POSDRAMATIC STRESS DISIRAD DEVELOPES AFTER A PERSON IS EXPOSED TO DRAMATIC EVENT SUCH AS SEXUAL ASTHOULTS WARFARE TRAFFIC COLLISIONS OR OTHER THREATS THEAR LIFE", "ngf_07508_00853041040": "WITH NAJURAN PRECEDENT GOOD LOCK JONNATON'S DEFEAT THE OMNESTY PROGRAME SEEMS LIKELY TO END IN DECEMBER", "ngf_07508_01118664892": "IN NINETEEN SIXTY THREE THE TIME TRAVELITHIM DOCTOR HOO PREMIA DONTELI VIJAN", "ngf_07508_00365660825": "LEGARS INITIALLY EMARGED AS A POT CITY THE ORIGINATED ON THE COLLECTION OF ISLANDS", "ngf_07508_01052539785": "MOTESICO JACKET IS A USUALLY BLACK LEATHER JACKET WON BY MOTECICL RIDERS", "ngf_07508_00529652412": "NON STOPPED FLIGHS FROM SIATO TO SAUR PALLO ARABOUT TEN HOURS AND FOUR MINUTES LONG", "ngf_07508_00718040170": "WITH CASUAL ANDROITNESS BARDWING TON THE TABLES", "ngf_07508_01100783978": "HISCORTED TOTUL OF SIXTY SEVEN RONS AT AN AVERAGE OF SIXTY POINT SEVEN FIVE", "ngf_07508_01030017353": "ETHIC PEOPLE REGARD THE ORON PEOPLE AS PAT OF THE LARGER COMMUNITY OF CALABBA PEOPLE", "ngf_07508_00393903138": "IT IS THAT IT TOO DEGREES WITH RAIN INUTIABLE", "ngf_07508_00284572181": "IT HAS NOTHING TO DO WITH MATTES OF SHARPNESS OR DOLNESS NOR DOES HE HAVE ANYTHING TO DO WITH QUIET OR CONFUSION", "ngf_07508_00901959078": "THE PATIENT IS UNDER AN ASTHESIAR AND LYING ON YOUR BACK", "ngf_07508_00827488690": "IT IS TWENTY FIVE DEGREES WITH THE CHANCE OF STORMS IN AQUA FU", "ngf_07508_00376914862": "HE WAS A HUNGARIAN GENERAL WHO SAVED IN THE GOVERNMENT OF BURUCRATS APPOINTED BY KING FRANZ JOSEPH", "ngf_07508_00249752776": "THE EFORMER BRITISH COLONY OF HONG KONG IS NOTABLE WITHIN ROGBY FOR IS DEVELOPMENT OF THE ROGBY SEVEN GAMES", "ngf_07508_01190081775": "ONE WAY FLIES FROM KALI TO BERMINAM LEAVING DECEMBER TWENTY THREE STAT AT FOR FIFTY POUNDS", "ngf_07508_00235415155": "HIS TITES WERE CHARMAN OF THE BOARD AND COUR CHIEF EXECUTIVE OFFICER", "ngf_07508_00391409616": "KENN EASY TWO THOUSAN SIX AUSTRALIAN FILM STARRING SHAN JACOBSIN ASK KENNY SMITH IN MALBON PLUMBER ULL WOXWAY POTTEBORE TOILE RENTOR COMPANY", "ngf_07508_00934275408": "A LIGHT OURSELVES AS A NAVIGATION OR AID FOR MARITIME PILOTS AT SEA OR ON INLAND WATER AYS", "ngf_07508_01007299000": "FLIES FROM LONDON TO PHILADELPHIA LEAVING OCTOBER SIX AND COMING BACK OCTOBER FOURTEEN STAT AT SEVEN HUNDRED POUNDS", "ngf_07508_01114017031": "THE POWERS OF THE APPOINTED CHEER ALELIMITED SO THAT A CHAER CANNOT ADJOIN INMITTING AT ANY POINT WITHOUT MAJORITY FOOT", "ngf_07508_00440719035": "FURTHER CHANGES WERE MID DURING POST PRODUCTION TO SIMPLIFY THE PLOT LINE INCLUDING THE POSSESSION OF THE TINY GALLAXY", "ngf_07508_00956709241": "MANY ASIAN CONSCIOUS HAVE A TRADITION OF PLAIN ROGBY DATING FROM THE BRITISH EMPIRE", "ngf_07508_00537864511": "WHEN YOU CONTRORE THE NETFLIC SAVICE THROUGUGOL ASSISTAN DEVICES OR ASK FOR INFORMATION RELATER TO NEFLIX THOSE QUERIES MAY BE SENT TO NEFLIC FOR USING ACCORDANCE WITH ITS PRIVACY STATEMENT", "ngf_07508_01205152659": "GET READY FOR ANON STANDARD MEASUREMENT QUESTION", "ngf_07508_01036781232": "ONE WAVE FLIGHTS ON CHINA EASTERN ERELINES FROM CARATI TO BUTCHERIS LEAVING OCTOBATAIN START AT THREE FIFTY POUNDS", "ngf_07508_00776346117": "HE IS CHARACTERIZED BY HIS FREQUENT IMPATIENCE GUTTURAL ACCENT AND UNUSUAL FHRAZING", "ngf_07508_01273110609": "AAMASHE IS A STREW MADE BY BLENDING SEVERAL GREEN OR RED SCOTCH BONAPEPPERS", "ngf_08421_00484325904": "HOUR ESCAPE PLANS ARE FOLLED BY RITH SQUADRON", "ngf_08421_00024526224": "AR SARO IS ALSO KNOWN AS THE AMPORICH", "ngf_08421_00657800918": "JACK WARNAR WAS OUTREAGED BY THE HIMANCIUX AND DECIDED TO RETIRE UNTO HIS DEATH FROM SERIOUS HEALTH' COMPLICATIONS OF HOT INFLAMMATION IN AUGUST NINETEEN SEVENTY EIGHT", "ngf_08421_00382192341": "HE STUDDED A MEJOR REOGANIZATION OF THE BEAUTINS AND INCLOSURE OF THE ZOO BRINGING MANY OF THE ANIMALS OUT INTO THE OPEN BER MANY THRIVED", "ngf_08421_00677124647": "CANTERIGE GOGALL RIGHT NOW", "ngf_07508_01631564087": "THE PLATE WAS THEN QUATED WITH SHELLACK TO PROTECT THE MOISTURE OF HONORABLE GREENS AND DIES FROM THE WATABIGEGOLATIN EMMOSION", "ngf_08421_00388781212": "THE GROUP SUCCESSFULLY FENCE OF AN ATTACK", "ngf_07508_01913615867": "KURBY CONTINUED TO EXPAND MEDIUMS BOUNDARIES DEVICING FORTOKOLAGE COVES AND INTERIORS", "ngf_07508_01652567052": "ONE WAY FLIES FROM MANCHESTER TO OKLAND LEAVING JANUARY FOOTING STAT AT EIGHT HUNDRED POUNDS", "ngf_07508_01932689684": "YOUR UPFACILITATO PROMOTES CONTENTS THA INCLUDE GRATITUROUS VIOLENCE OR DANGEROUS ACTIVITIES", "ngf_08421_00575579652": "THE LEA STATAS OF BITCON VERY SUBSTANTIALLY FROM COUNTRY TO COUNTRY", "ngf_08421_00482093911": "THE HADIGIA RIVER IS NOW CONTROLLED BY THE TIGA AND CHALAWA GORGE DAMS IN CANOU STATE", "ngf_07508_01814190841": "HE ALSO LENDS HIS VOICE TO BOTH RUSSIANS OF THE SONG", "ngf_08421_00609290616": "COLUMBIA HAS A VIBRANT COLLEGE OF TALENT THAT TORCHES A FULLSPECTROM OF REATHENS", "ngf_07508_01641254737": "CRIDON VISION IS A REGENERATION PROGRAMME FOR THE CENTRE OF CRIDON IN SOUTH LONDON", "ngf_08421_00466611668": "IT'S ACTUALLY EITS THOUSAND", "ngf_07508_02137231556": "YOU HAVE EMAILS FROM MASSICHUKU AN IGO", "ngf_07508_01487364556": "COSTOMISE WHICH OF YOUR SHARED DEVICES ARE ALLOWED TO HELP YOU WE PAYMENTS AND OTHER PERSONAL TASKS LIKE YOUR COLENDA AND SERVICES", "ngf_07508_01890624542": "HE WAS ALSO INSTRUMENTAL IN INDIA WINNING THE ASIEN COPPIN BANGLA DISH IN WHICH HE SCORLED FORTY NINE IN THE RON CHASE OF EIGHTY NINE AGAINST PACISTAN", "ngf_07508_01552805151": "VARIOUS METHODS HAVE EXISTED FOR REMOVING THE WEARE WOFE FORM", "ngf_07508_01563917015": "ELIS ISLAND WAS USED TO HORD JARMAN MATCHAMARINAS AND ENEMY ILIENS AXIS NATIONAUS DETAINED FOR FEAR OF SPYINE SABUTAGE AND OTHER FIFTH COLUMN ACTIVITIS", "ngf_07508_01928640882": "ONE WAY FLIGHT ON CHINA SOUTHERN ELLINES FROM ROTTEDAM TO SHARJAH LEAVING AUGUSTOF STAT AT SEVEN HUNDRED POUNDS", "ngf_08421_00520939200": "WESTERN SOCIETIES HAVE GRADUALLY ADOPTED MORE CASUAL DRESS COURTS IN THE WARK PLACE SCHOOL AND LEISURE", "ngf_08421_00334790479": "THE DIGITILE INVOICE COSTOM'S EXCHANGES A REVENI PROTECTION IDEA DEVER LOOKED TO PREVENT TAX EVATION", "ngf_07508_01135970636": "A SERIES OF NONVIOLENT REVOLUTIONS KNOWN AS E COLAR REVOLUTIONS OVER THREU GOVERNMENTS IN JODGA UKRANE KIGISTAN AND LEBANON", "ngf_08421_00553711707": "IN THIS VERSION I'LL CALL OUT A DUNCE MOOVE", "ngf_08421_00074757910": "YOU HAVE MESSAGES FROM INIGBIDION", "ngf_07508_01633901977": "AN ALLUSION IS A PASSING OR CASURISHAR STATESMENT INDICATES HIM BROTHER MEANING", "ngf_08421_00540432243": "BAST WAS THE GODDESS OF WARFARE IN LUAS EGYPT DE NAL DOUTA BEFORE THE UNIFICATION OF THE COURCHAS OF ANCIENT EGYPT", "ngf_07508_02004787669": "WHAT A SHIP DOWN IS AN ADVENTURES STORY NO MORE THAN THAT RATHER A SWASH BOCKLIN CRUD WAN TO BUT", "ngf_07508_01421951018": "THE FINAL CHARACTERISTICS OF A SOIBIN PLANTARE VERIABLE WITH FACTORS SUCH AS GENETICS SOLE QUALITY AND CLIM IT AFFECTIN ITS FORM", "ngf_08421_00622591879": "WE SHOULD HALF PASTER AFTER THIS", "ngf_08421_00213959374": "THE MOST OUTAT IS MO MON ELEMIMEGE WHICH TRANSLATES TO MOYMOY WITH SEVEN LINES", "ngf_07508_01918336675": "THROUGHOUT THE CENTURIES PEOPLE HAVE EXPLAINED THE RAINBOW IN VARIOUS WAYS", "ngf_07508_01661452723": "THESE MODELS ARE IGNORANT THE TENDENCY AN CAPITALISM FOR THE DISTRIBITION OF WEALTH TO BECOME INCREASINGLY UNEQUAL AND SOCIALLY UNSTABLE AND UNSUSTAINABLE", "ngf_08421_00257345492": "WHERE YOU WANT TO HEAR YOUR LEADER'S NOTIFICATIONS JUST SINGLE TO HAVE THE GUGAL ASSISTANT TORCH OFFICE", "ngf_08421_00200843710": "YOU CAN BREATHE NOW", "ngf_08421_00390002163": "BY POPULAR DEMAND IT'S BATS SIMPSIN", "ngf_08421_00756221059": "CANDIDATES FINANCIAL DISCLUSURES REASED BARAK OBAMAS ESTIMEET A GANERILTAQUE TO THAT SEVEN MILLION DOLLARS", "ngf_07508_01391173988": "ALEXANDER'S WILL INCLUDE THAT ERECTION OF A MONUMENTAL TEMPLE TO ATHENA AT TROY", "ngf_08421_00627612808": "LIGHT PARTERNS SUCH AS OBJECTS HAVE LIGHT AND SHEDED ERIAS HELP WENT CREATING THE ILLUSION OF DEPTH ON PEEPER", "ngf_08421_00602360725": "TURN LEFT UNTO A WEARY RING ROAD", "ngf_07508_01218937966": "SOME POPULAR FLIGHT DESTINATIONS FROM SAN DIAGO ON CHINA EASTERN ELLINES INCLUDE COLONE AND LIMA", "ngf_07508_02082191451": "THE PEOPLE OF THE EASTERN REGION SUFFERED HEAVILY AND SUSTAINED MANY DEATHS FROM LANGRIAN CIVIL WAR", "ngf_07508_01983732794": "FLIGHT FROM SHENZEN TO JACKATA LEAVING APRI TWENTY FIVE AND COMING BACK ME WAN STAT AT EIGHT FIFTY POUNDS", "ngf_08421_00330333949": "WHICH DOOES WOULD YOU LIKE TO LOCK", "ngf_07508_01349620568": "TO ASCESS YOUR GUGUL ASSISTANCE CHANGES SYSTEM SETTINS IN THE LANGUAGE SECTION", "ngf_08421_00276872213": "CALL HIM DO LOUIS", "ngf_07508_01560831000": "THE ANCIENT TOWN OF WARWICK LIES ADEJOINED DIRECTLY TO THE WEST OF LIMINGTON SPAR", "ngf_07508_01929776318": "IT IS BELIEVED THAT NEW ADOLT BRIDGES THE GAB BETWEEN YOUNG ADOLT AND ADOLE FICTION BY DETELLING HOW TO ADJUST THE LIFE AFTER ADOLICENSE", "ngf_08421_00232813250": "IN AT WADYA SHARED A LINK WITH YOU", "ngf_08421_00129436670": "CALL AN DIDDI", "ngf_08421_00274590278": "YOU SAID THE MAGIC WORDS", "ngf_08421_00200811744": "GRAY IS QUITE SEEN AND LUCID CARLIE IS IN A DELUSION OF STATE", "ngf_08421_00143491590": "THE ARUBAS CALL THE WHITE VARIETY ISAPA", "ngf_07508_01584708926": "BLOWING A RASPBERRY IS TO MAKE A NOISE THAT MAY SIGNIFY DE RISION RIL O'FAINED", "ngf_08421_00699220449": "THE LIBRARIES TOO CLOISTER ARE OFTEN USED FOR ARTISTIC AND CORLTURAL EXHIBITIONS", "ngf_07508_02027580302": "THE EUROBAPEOPLE OCCUPY SOUTHWESTERN AND NOTH CENTRAL LINJURIOR LIVING IN SUCH STATES AS LIGOS OR YO IQITZI KUARA KOGI ON DO OGUN AND OSHUN", "ngf_08421_00219969960": "CLINGTIN CONTENTED THAT THE FOUNDATIONS DISCLOSAR PLANTS ALREADY EXCEEDED LEAGAR REQUIREMENTS", "ngf_07508_02090606640": "ALTHOUGH THE IJO ARE NOT PRIMARILY CHRISTIANS THEY ALSO HAVE ELABORATE TRADITION AR RELIGIOUS PRACTICES OF THEIR OWN", "ngf_07508_01265874558": "REMINANTS OF EGUAR RELIGIOUS RIGHT SPREAD AMONG AFRICAN DESCENDANT IN THE COREBIAN AND NORTH AMERICA IN ERROR OF THE ATLANTIC SLAVE TREAT", "ngf_07508_01406972806": "REMOVING BRIRCH BACK FROM LIVE TREES IS HUMFUL TO TREE HEALTH AND SHOULD BE AVOIDED", "ngf_08421_00645659479": "O POSSOS HIT WILLU WILLU GAINED A LOT OF POPULARITY", "ngf_08421_00448655194": "A COUT ORTHER WAS STILL APPROPRIATE TO PREVENT THE DISCLOSURE BECAUSE OF THE PRIVACY ISSUES AT STICK", "ngf_07508_02044828395": "FLIES FROM NIG ROBY TO PHOENIX LIVE IN DECEMBER FIFTEENTH STAT AT FIVE HUNDRED POUNDS", "ngf_08421_00702282118": "PRECIPITATION THROUGHOUT THE YEAR IS DISTRIBUTED RELATIVELY EQUALLY EACH MONTH", "ngf_07508_01681677105": "SUFFARS DESIGNS FOR BODY PAINTINGS WERE EASILY CONVERTED TO EMBROIDERY DESIGNS FOR TABLE LANINGS IN THE EQUAL TOWN OF ARUCHUCU"}