{"ngm_02436_00753921055": "DISEASE AUR BRICKS ALSO CAUSED CASUALTIES IN NEARBY COUNTRIES INCLUDING IRELAND", "ngm_02436_01260408239": "IT IS THIRTY FIVE DEGREES AN PARTLY CLOUDY IN OMU ARAR", "ngm_02436_00829617793": "HA HUSBAND SUGGESTED WRITING TO SUIT HAR SORROW", "ngm_02436_00841755741": "CONFIDENTIALITY IS THE NON DISCLOSURE OF INFORMATION EXCEPT TO ANOTHER AUTHORIZED PERSON", "ngm_02436_01209484406": "SCUTE EPISODES OF SINOCIETIES CAN ALSO RESULT FROM FUNGAL INVISION", "ngm_02436_01224219677": "NEW CLEAR BLAST RELEASED A RIMASTAD VARSION OF THE FIRST ALBUM OF DEFIENS", "ngm_02436_00768482929": "IT WAS THE SECOND TIME IN DONISIA WHOSTEAD AN ISSIA LEVU MORTISPOT EVENT AFTER JAKATA HELD IN NINETEEN SIXTY TWO ASIAN GAMES", "ngm_02436_01504678691": "MAKE SURE DERE IS ENOUGH CHAIRS FOR EVERY ONE EXCEPT ONE PERSON", "ngm_02436_01431239056": "I'M HAPPY TO SAY THAT I'LL BE YOUR HOST TO DAY", "ngm_02436_01403149764": "ON WE FLIGHTS ON CHINA EASTERN EIR LINES FROM CARACHI TO BUKAREST LEAVING OCTOBER TEN STAT AT THREE FIFTY POUNDS", "ngm_02436_01416767242": "RETRAINING YOUR VOICE MORDELL WILL OBDAT VOICE MARCH ON ALL YOUR ASSISTANTS BEAKERS", "ngm_02436_01404298954": "IT IS TWENTY THREE DEGREES WITH HEAVY RIN IN BENYCITY", "ngm_02436_01466780615": "ONE OF THE CRITERIA DEVELOPED BY THE COURT WAS WHETHER THE VISUAL DEPICTION SOGGESTS SEXUAL COINESS", "ngm_02436_01399205285": "CREATE SHOT COTS TO FINISH TASKS FASTER", "ngm_02436_01464366723": "PERSIAN EMBROIDERED WOMENS TROUSE RINGS HAVE REACHED BATTAMS", "ngm_02436_01369375640": "AROMATERAPE HAS SHOWN SOME TENTITIVE BENEFIT FOR ANXIETY REDOCTION IN PEOPLE WITH CANSA WENT ON WITH MARSAGIS", "ngm_02436_01363270676": "IN CASUAL DISCOURSE THE WORDS ANXIETY AND FEAR ARE OFTEN USED INTERCHANGEABLY IN CLINICAL USAGE THEY HAVE DISTINCT MEANINGS", "ngm_02436_01467790408": "IT IS THERTY FOUR DEGREES AND PARTLY SONI IN ONICHA", "ngm_02436_01392708390": "AT THE POINT OF CONFLUENCE THE BENUY EXCEEDS THE NINGER BY VOLUE", "ngm_02436_01607963673": "ONLY THE MAMBILLA AND CAKA HAVE EXISTING VILLAGES WHILE DE FULANISE ESTABLISHED CATU FAM SETIMENTS NESTLING BETWEEN THESE VILLAGES IN BRITISH TIMES", "ngm_02436_01765187095": "DO YOU SPEND A LOT OF TIME TOGETHER OR SOMETHING", "ngm_02436_01819575109": "IT IS TWENTY SEVEN DEGREES WID DRIZZLE IN UBUMASHAW", "ngm_02436_01725272799": "ITS EAT TWENTY NINE DEGREES AND CLER IN ORGAMINANA", "ngm_02436_01545041503": "ENJOY YOUR SHOWS MOVIES AMPHOTOS", "ngm_02436_01563500348": "GIMETTA AND NEAR BY YULAH THE STATE CAPITAL OF ADAMAAH HAVE INTERCONNECTED HISTORIES", "ngm_02436_01770933554": "OBONA WUNKES FADDER WORKD WITH THE OPARA ADMINISTRATION", "ngm_02436_01538816456": "SIX SPOONS OF FRESH SNOW PEAS FIVE THICK SLAPS OF BLUE CHEESE AND MAYBE A SNAK OF HABRODHAR BORB", "ngm_02436_01851052881": "NO FUL NUMBER FOR AK MAY WARGIN IT", "ngm_02436_01691104574": "MY DAUGHTAH LOVES HOME MADE BORGAS", "ngm_02484_01936080067": "IF YOU CAN'T DIG DIFON JUST SE STOP", "ngm_02484_01699340036": "IMAGINE YOUR WRITING I SLAD DOWN I TIP AND BOMPY EW", "ngm_03349_00656476988": "IT IS TWENTY EIGHT DEGREES ARE MOSTLY SONNI IN OYOR", "ngm_02484_00813527901": "AN INCREDING PROPORTION OF MEAT RESIDENCE COMMUTE INTO DOBLIN WITH A RESULTING SHIEFT TO A SERVICES BEST ECONOMY IN THE DEVELOPING DOMETRY TOWNS", "ngm_03349_00678196448": "FOR EACH CONTRARY IN WHICH YOU DISTRIBUTE YOU UP THE DIRECTORY LISTIN INFORMITION SUCH AS DESCRIPTIONS AND PRIVATE POLICE GRAMMAS AND SEXTO SPEECH TEXT MUST BE PREDOMINANTLY ONE OF LANGUAGES THE ASSISTANTS SOPPORTS FOR DAT COUNTRY", "ngm_02484_00636497965": "HOW WOULD YOU LIKE TO PLAY ODOUR TREE OR CAST BECAUSE", "ngm_02484_01380396932": "DANCE LIKE YOURULI MADAR BAU SOMPTON", "ngm_03349_00917134469": "IT IS TRANSFORRD DEGREES WITH HEVY RENE IN SULIJA", "ngm_03349_00580143089": "ENDURANCE ALSO INCLUDES THE ABILITY TO RESISTS WHICH STAND RECOVER FROM AND HAVE IMINITY TO TROMOR WOUNDS OR FATIGUE", "ngm_02484_00964400140": "DIFFERENT TRAIN LAY US TOGETHER A CAREFULLY OCCASTRATE SON COLADGE OF SPEECH RECORDED TRAINED SOUNDS AND THREE STRAIN CUOTETS", "ngm_02484_01081156828": "IT IS TWENTY FIVE DEGREES WITH LIGHT RING IMPOTIS COMB", "ngm_02484_01084472035": "IT IS THERTIFIED DEGREES WITH LATRININ OFFER", "ngm_02484_01274759391": "CONTINUE ONTO OLU ROD", "ngm_03349_00242717024": "IT IS TWENY THREE DEGREES WITH THE CHANCEL OF STORMS IN SOCCOTO", "ngm_03349_00182781603": "IT MILACH WO HESHON AT CERTAIN POINTS", "ngm_02436_02084933817": "JUST AS A REMINDER IMAGINATY CAUSE IRINT AVAILIABLE FROM GOGU HOM", "ngm_02484_02093806149": "CHIEF ELDA EO OR QUARANTA IS THE NATIONAL TREASURE", "ngm_02484_01838240014": "BY POPULAR DEMAND IT'S BOS SIMPSON", "ngm_02484_01293543113": "GORGEOUSLY VOLUMNOS ROBS INTRICATELY EMBROIDERED ARE A SYMBOLED OF PRESTIGE AND RANK FOR MET IN NUPI AND AUZA COMMUNITIES", "ngm_03349_00707676665": "IT IS THE THREE DEGREES ON MOSTLY SONNI NABUNIMA", "ngm_03349_00091220201": "DID SHE SAY ONDADE WATAR OR BEHIND DE WATAFOR", "ngm_03349_00837887202": "IN NINETEEN NINETY TWO DISNY OTE TO ENDIA JOINED VENCHO WITH JONABROS", "ngm_02484_00362618750": "ASPECTS OF IBO MASQUERADING TRADDITIONALS CAN BE FOUND AMONG THE FESTIVAL OF GARIFONA PEOPLO AND JOKONO OF THE BRUTISH CARIBIAN AND NOT CAROLINA", "ngm_03349_00425259848": "ITZOXABOD LIFESTALIN LIGOS AGIGI IFEWAR MUCHIN IKEJA SURULIRI ISALEECU ON MANY OTHER PARTS OF SOUT WESTERN NIGERIA", "ngm_03349_00525826857": "NADRIA CHESLAN BODDAS WITH THE REPUBLIC OF BEN IN THE WEST CHARD AND COMERUN IN THE EAST AN NIGIND NORTH", "ngm_02484_01490803460": "ARE YOU SURE YOU WANT TO LEAVE THIS PAGE", "ngm_03349_00749083294": "IN FACT YOR DESERVE ROUND OF APPLAUSE WHOT MAYBE GIVE E LITTLE BI EXTRA TO HIRMIN BED", "ngm_02484_02017738754": "AND DURAST THE ABILITY OF AN ORGANISM TO EXHALT ITSELF AND REMAIN ACTIVE FOR A LONG PERIOD OF TIME", "ngm_02484_00327525635": "IT'S AT ACKNOWLEGI QUESTION", "ngm_02484_00860890605": "CONJECTOR DIVERSES TO YOUR GUGUL ACCOUNT TO PERSONALEGER EXPERIENCE IN NO BOUVOISE CONTROL AND MORE", "ngm_02484_01154279708": "OSAIR WAS BORN TO THE FAMLY OF ARMDAT AND AGARAT OSE", "ngm_02484_01818538444": "A NEW WAY FOR ANDREWL JUSSAS TO DISCOVER AND LISTEN TO TOWARDS PORTCAST", "ngm_02484_01636016633": "IT IS TWENTY SIX DEGREES WITH THE STON IN BENIN CEBBY", "ngm_02484_00270017867": "FOR YOUR SECURITY ANT I O GUGU PAZLE TO CONFIRM THIS CHANGE", "ngm_02484_02010603779": "FROM THE UNNU BIT IN WEST FLANDALL AND THE SOUTHWESTH NADOLANSE THEY WERE RIDDING THE ENGLISH CHANNEL", "ngm_02484_00322008589": "A GRUE JAKO SHED A CONTACT WITH YOU", "ngm_02484_01457928650": "AS YOU DOES JUMP AS I AS YOU CAN", "ngm_02484_00629473370": "A WHILE GOING IN THE STREET FOOD COMPANY EATEN IN LEGOS", "ngm_02484_00142827489": "CHARLES THOUGHT HE COULD SIVE ON THE AIR FAIR BY TURRING THE SHIPPING FIST TO HIS EMPLOYER", "ngm_02484_00454049337": "IT WAS AGREED TO COMBINE THE OFFICE INTO A SINGLE ONE THAT WAS TO BE HELD BY RUE LA NON AS DE OBONGE", "ngm_02484_00821360311": "CONTINUE UNTO AUROLOVOWA", "ngm_02484_01862904231": "EPHICH EBIBU LANGUAGE IS SPOKEN ON OUR QUAEBOM STIT ACROSS RIVA STIT", "ngm_02484_00607419954": "CON PUDDING IS LOCALY NON AS OQWA OKA", "ngm_02484_01449346443": "JUF FOR LANGUID LANGUAGE CANNOT BE DELITTED", "ngm_02484_00666993468": "IT IS THATE DEGREES WITH THIS TOM IN ZARYAH", "ngm_03349_00346989945": "IT IS THIRTY FIVE DEGREES WITH JRUZL IN UYO", "ngm_02484_01516879521": "I WILL FLEEP TO ANY PIG JUSTLY A NUMBER FROM ONE TO EIGHT ONJORNA SIXTY THREE", "ngm_02484_01454783271": "IT'S IMAGES WEARL USED BO MONK GODUT BA LASTINANS IN YAR PROTEST AGAINST ISRAEL", "ngm_02484_01598671093": "JULIA JEW ON THE JEWISH EQUESTION OF DIVINITY AND LAW", "ngm_02484_02125758369": "IT IS THARTY THREE DEGREES AR MORTHLY TONNYIN ENEGUL", "ngm_02484_02121202792": "IT IS THATTY THREE DEGREES WHICH RANCHAURS IN EQUOT ABASI", "ngm_02484_02004664470": "DOBUTAP TO CHANGE YOUR DEVICE ADDRESS", "ngm_02484_00652133754": "IT IS TARTO ONE DEGREES WITH EVERY RINN IN OCAR", "ngm_03349_00322116866": "COLI BATTERD A THREE IN A FULL STRENGTH INDIANTIME THROUT DE TWO THOUSAND TEN ISHARCOP", "ngm_03349_00599904750": "IT IS THIRTY FOUR DEGREES WITH SHAWES IN IFHEH", "ngm_02484_01956588834": "A BRUTCHO IS AN INFORMETIVE PAPER DOCUMENT THAT CAN BE FOLDED INTO A TEMPLET PAMPHLET OR LIFLET", "ngm_02484_01182619865": "IT IS TO ANTININE DEGREES AND PATLY SONIN ADOICITY", "ngm_02484_01602492207": "DIBIA AND OBIA PRACTICES WERE TRANSPORTED TO THE BRITISH CARABIA AND DOING THE SLAVE TRED AND BECAME KNOWN AS OBIE", "ngm_02484_00374413220": "CHUSE WHICH SPIKAGO TAT", "ngm_03349_00278096247": "DOBUTUP TO MONAGE YOUR LINKED SERVICES SETINS", "ngm_02484_00626794170": "IT IS TWEN SEVEN DEGREES ARE CLAIM I DUWERY", "ngm_03349_00481539240": "IT IS TWENTY NINE DEGREES WITH THREE SHAWS IN ABACALIKI", "ngm_02484_02003179451": "ACUTE EPSORT OF SINOSITIES CAN ALSO RESULT FROM FONGAR INVATION", "ngm_02484_01931589873": "HE SPENT THREE YEARS ARE PLAYING FOR ANTHUNING AT USCA DE LASHIPS FONDUAGING ORGANIZATIONS AND TELLI MAKET IN FIRMS TO OBSERVE RU LEFT SITUATIONS OF PASSUATION", "ngm_02484_01071176410": "DURING WARD WAR WORN THEY RELIEVED THE POFERSIONATIONALLY SINDICATED FIUN MY FOUR YEARS IN GEMANY BIT ON A POPULAR BOOK BY A FORMER AMBASSADOR", "ngm_02484_01141754505": "A SARRI IS THE FORMER PRESIDENT OF THE EJO YUT COUNCIL", "ngm_03349_00482124755": "FELLACUTZI WAS A POLITICAL GIANT IN AFRICA FROM THE SEVANCES UNTIL HIS DEATH", "ngm_02484_01907635980": "AYO DEJI I BRAIN BALOGU IS PROFESSIONALLY KNOWN AS WISKID", "ngm_02484_01985714556": "IT IS THIRTY ONE DEGREES ANTONI IN GOMBY", "ngm_02484_01757226870": "A LANDSCAPE BARGRON IMAGE MUYT BE PROVIDED IF A PORTRAIT BARGON IMAGE IS ALSO PROVIDED", "ngm_03349_00632162376": "BULUMA SHEDI LOKISHON WITH YOU", "ngm_02436_01908605731": "INITIALI QUARA STATE HAD ONLY A FEW MAJOR INDOSTRA COMPANIES", "ngm_02484_00382072511": "BEFORE THE TWENTIEFTH CENTURY SYCULAR STEPPERAMES WERE BUTED IN THE RIVERENCE OF ALLAH AT THE TOWN OF UNSUDE IN NOTTAN IBOLAND", "ngm_02436_02101354022": "SHAKE UP YOUR HAIR AND GET IT ALL MESSY", "ngm_02484_00715382317": "GAEIMAN SAS CUTAFF FUNISHED THE INSECT OF HIS MIND AND SET HIM TO WRITEN", "ngm_02484_01317021642": "BAGBO WENT INTO EXCILE IN FRANCE", "ngm_02484_00843099528": "IT IS TRETY FOUR DEGREES RIH DRIZRIN ABUDJA", "ngm_02484_01310117253": "IT IS TICKING LONGER THAN USUAL TO OBDITE YOUR LUCITION", "ngm_02484_00114342536": "BANISHIN IS PERFORMED BEFORE CASTAN IS SIRCO IN ORDER TO PURIFY THE AREA WHERE THE RITUAL OR MAGIC IS ABOUT TO TAKE PLACE", "ngm_02436_01933378921": "CONTINUED CONVERSATION IS CURRENTLY AVAILABLE IN ENGLISH FOR REGULA USES AND ALL ENGLISH LOCOUS THROUGHOUT THE WORLD FOR INTERNAL GUGLAS", "ngm_02436_01882251139": "QUARA STATE HAS I LARGE AREA OF RICH AGRICOTURAL LAND", "ngm_02484_02047330205": "IMASIONED ELIBERATED SLAVE NAM EMBARGO WHO ILLED FROM UNQUOT IN ABAC", "ngm_02484_00213460564": "BROILEED ARE SUSCEPTIBLE TO SKIN AN I LASIONS", "ngm_03349_00596363530": "MAKE POINTED EARS WITH YOUR HANDS AND DANCED LIKE YOUR WEREWOLF", "ngm_03349_00746199530": "HOG YOUR ARMS AND CHATTER YOUR TEETH AS SHE SHIVER TO THE BEAT", "ngm_02484_01291121182": "IT INCLEDES THE AUTHENTICITY AND POWER OF THE STORY BEING TOLD", "ngm_02484_00986957544": "ALLOW PESSINA RESORTS PLOSPESINALILIZED YOU TO VIGURACOMMENDATIONS ON THE OMSCREEN OR ATHNOTIFICATIONS WITHOUT YOU AREVING TO AST FOR THEM", "ngm_02484_00785007406": "BRYANT FOO JOINED TWENTIETH CENTURY FOLKS", "ngm_03349_00088510845": "CHAUSEY HALLS THE FIRST PLACE IN TE COP", "ngm_02484_00655505966": "IT IS THERTY FOR GEAGREES WITH THE CHANCE OF STORMS IN ALL WAR", "ngm_02484_01170032848": "IT IS TWENTY SEVEN DEGREES BETRENON ABA", "ngm_02484_01096131737": "IT IS TWENTY TWO DEGREES WITH RENCHAWAS IN COMARIAL", "ngm_02436_02110576582": "ORTHER RELATED IJOSOB GROUPS ARE THE EPI ATISA ENGUENI AND DEGEMA", "ngm_02484_01686694999": "BOTH TRADE GUNIONS AND EMPLOYERS ORGANIZATIONS ARE CONSULTED BEFORE AN IMPOLICY MAKING IN DHE FERENACIAL ECONOMIGU AND SOCIAL ERIOLS", "ngm_02484_01506650191": "IT IS TWENTY YEAR TO DEGREES WITH THE CHANCEL OF SHAWASIN LEGOS", "ngm_02484_01258808525": "INDENCIAL SERVICES AN IBU ERIALD WAS DESCRIBED BY ALLA DOAR E QUANO IN HIS MEMOIR", "ngm_02484_00878555567": "HE WAS ALSO INSTURMENTAL IN INDIA WENNING THE ESHA COP IN BAGLADISH IN WHICH HI CAUGLET FORTO NINT IN THE ROWN CHAS OF EIGHTY FOUR EGISPACISTAN", "ngm_02484_00618071362": "A SMALL FRACTION OF MANBILAN MAGRANTS LEFT THE MANBILA PLETO FOR THE UNDOMPLAINE ON THE CAMERON SIDE OF THE INTORNATINA BODDA", "ngm_02436_01947806180": "IT IS TWENTY SIX DEGREES WITH A CHASCE OF RAIN IN ELLORING", "ngm_03349_00224530099": "BANGASOUP IS MADE FROM POMNOTS AND IS EATEN PRIMARILY IN THE SOUTH AND MIDUEST", "ngm_03349_00918657481": "DECISIONED FATIGUE MAY ALSO LET TO CONSUMURS MAKING PORTCHOICES WITH THE APPOCESES", "ngm_02484_02111651978": "OP YOU BRUHT YOUR PASSPOT", "ngm_03349_00179424069": "HERBY YOUR FORNA YOUR CAR ARE NOW PAIRED", "ngm_03349_00296537197": "CONTINU ENSUGUGAARUD", "ngm_03349_00379245434": "CONNECT YOUR CROMCRASTS DEVICES TO YOUR GUGAL ACCOUNT TO HE NOBLE VOICE CONTROL FOR VIDIOS FOROS AND ODIO ONTO PERSONALIZE EXPERIENCE ACROSS GU PRODUCTS", "ngm_02484_01972269229": "EIGHTEETH TWENTY THREE DEGREES WE SCHAAD IN CADUNAL", "ngm_02484_00085543319": "CREATURES CODNUMS HAVE BEEN USED IN THE FRANTASIC JUNERE OF FICTION SINCE THE MIDNIGHTEENTH CENTURY TYPICALLY IN THE CONNUNE ROL SUCH AS AN EVENT OR", "ngm_02484_00632947996": "CALABASHES AND GUARDS OF ALL SAIZES ARE INTRICATELY ARRENGED IN E STUCK ACCORDING TO YASAIZES AND FUNCTIONS", "ngm_02484_00752559248": "IT IS THE MAJOR RIVER AND SOSO VOTA IN THAT PART OF THE SARA DESERT", "ngm_02484_00356531231": "IN THE COURT DRAMAS OF THE ETAPA FESTIVA ORBATTALA IS THE DYINE AND RISING GOD", "ngm_03349_00791493112": "A PREMATURE OBITRARY IS A FALSE REPORTS IN OF THE DEATH OF A PERSON WHO IS STILL ALIVE", "ngm_02484_00044253693": "IN MORLY TE SELINGE DAM ON THE SANCURI RIVER IS MANY USEFUL AD YOUR POWER", "ngm_02436_01900197859": "FLIGHTS FROM HUMBUG TO ALEXANDRIA LIVING JUNE TWELFTH STAT AT ONE THOUSAND POUNDS", "ngm_02484_00899503205": "CONFLICT BECAME FORECOST ON POTACOD AND OUTLYING TOWNS", "ngm_02484_00155904578": "IT IS TWENTY SIX DEGREES AND PARTLY CLOUDY IN WARRY", "ngm_02484_01045386758": "BENIN CITY IS THE CAPTAL OF EDOSTAT IN SAUTAN ANDRUA", "ngm_02484_01054389153": "IT IS DEATE DE AGREED WITH THE CHANCELLO CHAWAS IN YENEGUA", "ngm_03349_00138141901": "BABILSHI IS A SINGUBA DE VIDU", "ngm_02484_00280926708": "A SON OLABAYO OLANI IS THE COLLEGE OF SANTA FEGRADUETE", "ngm_02436_01897916461": "HOPE YOU BROUGHT SOME QUARTERS THIS ONE IS ABOUT WITH YOU GIMES", "ngm_03349_00766953523": "LONSTOP FLATES FROM HJELSINKI TO BRISTOW ABOUT TEN HOURS AND FOUR MINUTES LONG", "ngm_03349_00177142747": "IT IS TWENTY FIVE DEGREES WITH LITERIN IN NEWI", "ngm_03349_00654397682": "EFFECTS OF EXPOSURE TO VISHOP BOLUSHON INCLUDE DESTRUCTION I FAZIGE DECREES IS IN OPINION DIVERSITY AND LOSS OF IDENTITY", "ngm_02484_01201018180": "A BABY EPO IS CALLED A CALF", "ngm_02484_00841001953": "YOU'RE A TINGIO ASSISTANT CUDOO ON AN IPHONE", "ngm_03349_00603628646": "CANOFICHO I TROBCOSOVANA CLIMATES", "ngm_02436_01961026010": "OPOSOS HEAT WELWELL GAINED A LOT OF POPULARITY", "ngm_03349_00210927566": "CHOKFARM IS A SMALL OBUN DISTRICT OF NORTHWESTLONDON ENGLAND IMITLY NOTH OF CAMDENTOWN", "ngm_02484_00895537700": "FOOLAS SOCIETY FICURS DE KISSED DIVISION OF TYPICA OF THE WEST AFRICAN RIJOHN", "ngm_02484_01989552935": "DON'T MOVE YOUR EADS SHOUT AS OBELLY JUST YOUR ARMS AND LEGS", "ngm_03349_00113995369": "E CORY SITUATED ON THE EASTERN HALF OF LEGOS ISLAND ON JOHN SUITZ BY LANT FILL", "ngm_02484_00243502956": "THE ILLUSIOND WITH CIRCUMSTANCES OF THE ELECTION BARQUETTE BADE FAREWELL TO THE EASTERNAUTIAM", "ngm_02484_01138256246": "A FUSKIL USE OF NEW CLAREPONS BY TWO OR MORE OPPOSING SADE WOULD COSE THE COMPLETE ANALITION OR BUD DE ATTACKA AND THE DEFENDER", "ngm_03349_00859436759": "IF YOU WANT TO DILIDI DRAUGHT JOS DOBUTAB DE GUGLASISTAN TOTCHSOFFICE", "ngm_02484_00744594222": "IN A BITTE TO STOP THE MACHINE HE ATTEMPTED TO SABOTAG IT BEFORE HE WAS INDERED BY THE ONSET OF UNEISURE AND SICKNESS", "ngm_02484_01841513037": "IT WAS THE IMPARINWOOD FOR FIVE MINUTES BEFORE GOING BACK TO IDOL", "ngm_03349_00244129717": "LEAST ON NOTES CRATION MENU", "ngm_02436_01855757649": "CHILLA WILS USUALLY CARVE A SINGLE OFFSPRIG ABOUT ONCE EVERY FIVE YEARS", "ngm_02436_02146874892": "HE ESTABLISHED THE QUIBO CHURCH WHICH LET US PREAD PLACES IN THE MIDDLE BELT OF NANGERIA", "ngm_02484_01958614077": "COTIS AND DINA ARE CONVINCED THAT SHE IS TRYING TO SABOTOUCH THE ACT", "ngm_02484_01805894651": "FURAD DANUNU IS A POPULAR DRINK ESPECIALLY AKROTNOTAN ENJOYOR", "ngm_02436_01886611517": "HE TOLD THE CHIEFS TO THROW ASIDE THE MORNING RADS", "ngm_02484_00541516390": "CONTRARY TO POPULAR BELIEVE BOTH FORMS OF LEPOSY ARE CURIABLE", "ngm_03349_00175319821": "ITISNOININ ZURIGH", "ngm_02484_00629585267": "ANOTHER POINT IIS THE WITESPREAD USE OF MANILA IN POPULAR COMMENCY USED IN JUCONS", "ngm_02484_01895773421": "DILITE OR RETRAINED THIS PATTEN IN SHARED DEVICES", "ngm_03349_00621447831": "GEORGE ROE WAS THE WIDELY RESPECTED JURIST HI STRONG UNABLE LEADER OF HIS COT AND A KIND COTCHOUS AND SONCER GENTAUMAN", "ngm_03349_02105899768": "IT IS THIRTY DEGREES WITH THIS STORM IN JALINGO", "ngm_03349_00979844348": "DU TOIT RELIGIO MAKOP CADINAR HAS BEEN THE SCENE OF RELIGIOUS TENSION", "ngm_03397_02099744081": "WHY SHO YOU SEE I AM READY I'LL NOT START THE FIRST AURAND", "ngm_03397_00392039377": "COPLA FLA DESTINITIONS ECLUDE ISLAMABAD AND ZAGRIB", "ngm_03349_02057220405": "AS SHE DANCE HOLD OUT AN IMOGINARY BAG LIKE YOUR TRICK OR TREATS HIM", "ngm_03349_01357977651": "HE SPEAKS IN HIS DRINK WHAT HE THOUGHTS IN HIS DRAUGHT", "ngm_03397_01647412536": "REMINDER FOR BONGOO WAS FOUR HOURS AND THIRTY MINUTE TEGOU", "ngm_03397_02030848264": "SHORT CODS LET YOU CREATE EASIER AND FASTAWEES TO DO YOUR FAVORITE THINGS", "ngm_03397_01111747926": "WHEN TRAVELLING ON THE PUBLIC RUD THE SLOW OPRETIN SPEED CANCOS LONG CUS OR TALOBARKS REACH CANDELIEU AR NAMOTERISTS IN CAS AND TROCKS", "ngm_03397_00817949885": "CLOSING THE GUGULA SYSTEM PREVENTED FROM WORKING WITH YOU HEAD FONDS", "ngm_03397_00503430641": "TURN TO HISTORIC OUR PICTURES FROM OUR OWN NINETEEN TIRTY FIVE TO AVOID CONFIRENTATIONS READ THE BRINE OFFICE", "ngm_03397_00428136382": "PUT ON YOUR EAR BODS WHILE GENTLY TALKING THE LOOPS IN EACH EAR", "ngm_03397_00783071422": "THERE ARE TWO CITIES WITH NON STOP FLATE FROM PORT MOSBI", "ngm_03397_00759756154": "HOP ON ONE FOOT", "ngm_03349_01150724804": "GROUP NAME CANNOT BE EMPTY", "ngm_03349_01619216962": "WHATSWI AITESAM LISTS MARCOPS OR A PIDGE ARE NOT ALLOWED", "ngm_03397_01362081679": "NEXT LEARN ABOUT NEW THINGS YOURS IS DONE CONDRU", "ngm_03397_02061772554": "THE WATER FROM THE BANNY RIVER WHICH FLEWS INTO THE DELTA AT MOPTI DOES NOT COMPASS IT FOR THE LOSSES", "ngm_03397_01214084367": "DEPENDIN ON YOUR CANT SETINS YOUR ASSIST  TAT EXPERIENCED ME BE LIMITED TO THINGS LIKE REBRUSODS JOKS AND LOOK OUT INFUL", "ngm_03397_00011384341": "THE ASSISTANT CANA RECOGNIZE YOUR VOICE", "ngm_03397_01125615229": "ALTHOUG THE NAGENIVI NOW HAS LEARNED NEW TACTICS TO USE AGAINST PAIT ATTAKS STELL AUCOR ON ALMOST IRREGULAR BEASES", "ngm_03397_01981710534": "WOMPLEA OUT ONE CHE DOWN", "ngm_03349_01790746504": "HIS SIGNATURE DICIS INCLUDE CRONCIIS CRAMPIS ANCHANCILY OF OYSTARS", "ngm_03349_01686943765": "WHAT'S IF YOU WANT SO ENDY GAME EARLY JUST E STOP", "ngm_03397_00736723828": "THE INTERNERED CONNECTION APPEARS TO BE OFF LAN", "ngm_03349_01176240113": "FONCASO AMILA PANCHECS", "ngm_03397_01553299401": "WHAT IS THE ONLY CAT THOU CAN'ST RETRACT ITS CLAWSE", "ngm_03397_01072987006": "THE PITION PRESENTS DE LUSIONIZED BAWINO ACCOMPANYING PROMINENT HALLUCINUTIOS AND THOUGHT OR MOOD DISORDER", "ngm_03397_00530030640": "CHOK ME TRIED MINSTRITO OR FUTAR CONTS AND TRY AGAIN", "ngm_03397_01906189800": "AT LEAST ONE ROOTE LANGUAGE IS REQUIRED", "ngm_03349_01766338064": "IF HE HAD GONE TO VISIT OUR PARENTS AT ABAR IN ABIASTITZ", "ngm_03349_01431025219": "ANUGUIZ LOKITAT IN SOUT EASTERN NAGERIA", "ngm_03397_01207708666": "PLEASE MEET SOR THAT YOUR ACTONANS CANHUNDLE KISSES WITH UZA SAE SOMETHING IN CORRECT", "ngm_03397_02125291798": "SOME POPULAR FLADI SNEDRONS FROM STOCKOM ON THE UNITED ERLANES INCLUDE CHENAE AND SOUTHHAMPTON", "ngm_03349_02095055880": "LEGOS INICIALY MARGED AS A POT CITY THE ORIGINATED ON THE COLLECTION OF ISLANDS", "ngm_03397_01580638646": "SWIPED TA CHANGED COLLO", "ngm_03349_01597202718": "IT HAS VERY RECENTLY BEEN REHABLY TITTED TO ITS FORMER GLORY BY THE POTIR SAL AFICAN MOTEL CHIN", "ngm_03349_02068299532": "JUST SAY GOOD MORNING AND YOUR SISTEN WIL TELL YOU ABOUT WEATHER YOUR COMMUTES IMPORTANT THINGS YOU NEED TO DO TO DAY AND MUCH MORE", "ngm_03397_02018377161": "THE PALOCHUTE IS CONNECTED TO THE PLOMAN BAG CONTAINING THE PARACHUT BAY BRADOL", "ngm_03397_00462924528": "DIS BIT THOU NOT TONNEINTO FAMILY FUDO KI", "ngm_03397_01596957374": "ECOCOREY ALSO NUNAZI FOCORE IS E POPULA DICH IN THE JOBU ERIAL OF SOUTHWEST NIGERIA", "ngm_03397_00179718940": "RAMADANI HE UNITED STATES IS FROM ME SIX TWAINTY SIXTEEN UNTIL JULA FEVE TWENTY SIXTEEN", "ngm_03349_01506302496": "MERGES AND ACQUISITIONS HAVE HELPED ON ABROSS", "ngm_03349_02045944224": "CONINOS KUEG CAN BE USED TO STORE AND DISPENSE HOME BRIELD BIER", "ngm_03397_00168503418": "MOST OF THE PLUTUS LANGUAGES ARE IN THE CHADIC FAMILY WHICH IS ALSO PART OF THE AFRU ISIATIC LANGUAGE", "ngm_03397_00461232383": "REMAINS ORGANIZATION SUCH AS ABIDI AND IAMA AND ISONG IBAN PLAY IN PORTANT RULES IN GIVING THE VIMEN VOICE AS STATOS IN THE SOCIETY", "ngm_03397_00850437361": "DEPENDING ON THE COST OF LIBO HAVESTING METHODS FROM COMBAINS TO HANTO SUCH AS THE SCATHE OR GRINCRUDO ARE USE", "ngm_03397_00784559424": "THE PRODOCTOR EXPORTATE FROM CANU O NOT AFRICA INCLUDE TEXTAU MARTERIALS LEATHER AND GREENS", "ngm_03349_01483477160": "IT'S FOR DHE BUKHOM'S OUT THERE", "ngm_03397_00263518837": "AD YOUR HOME AND WALK LOCATION SO YOU CAN ASK ASSISTANCE FOR YOUR COMMUTE", "ngm_03349_01122487109": "MANY A FOUNDAS MIGRANT FISHERMEN IN CAMPS AS FAR WEST AS CIRALUN AND AS FAR EAST AS GABON", "ngm_03397_00375227399": "WE KNEW THE  LOTO TRI GAR UPTIONS OUR DAY", "ngm_03349_01414736195": "FLIGHT FROM BRIGOTO VINIPEG LIVING NOVEMBER EIGHT START AT FOUR HUNDRED POUNDS", "ngm_03397_02045174231": "ONE REFLAT FROM COLUMBOS TO PORTO LEAVE JUNE TWENTIETH STARTING AT FOUR HUNDRED DOLLARS", "ngm_03397_01385424885": "YES IT WAS NOININ MOSCOW", "ngm_03397_00912418106": "ONE CAN ALSO DEFINE PATHD SLOOPS IN POINTED SPECIES", "ngm_03397_00007422488": "WHEAT IS A GRASS READLY CALLED VITOR FOR HIS SEED IS SYRIAL GREEN WHICH IS A WALDWAYE STIP ALL FOT", "ngm_03397_01182182379": "YOUR DESCRIPTIONS DO NOT ACCURATELY OR FAIRLY DESCRIBE YOUR ABS FUNCTIONARITY", "ngm_03397_01331518074": "TO USE GUGU PORCAST INITINSTALE THE GUGU UP", "ngm_03397_01169049741": "SHAKE YOUR SHOULDER LIKE A PAIR OF MARACAS", "ngm_03397_01046081108": "TAKE A DHE BREATH", "ngm_03397_00851832316": "PUT ON YOUR LABCUTE", "ngm_03397_01507980634": "I'LL GO AHEAD AND ASUMED AT YOUR FEELING LOKI ASSTARED THE SHOE", "ngm_03349_01228296351": "IF LOC RONS IN FAMILY YOU ARE IN FOR YOUR TREATS", "ngm_03349_01436927025": "CRIDON VICHAN IS EVERY GENERATION PROGRAMME FOR DESCENT OFF CRADION IN SOUTH LONDON", "ngm_03397_00186800710": "SIVILIAS WHO RESISTED WERE CUDIN UPRISO FOR ATTACKS ON GERMAN SOLDIERS", "ngm_03397_01103592097": "BALI WAS THE HOOST OF TWO THOUSAND AN ET ISIAN BEECH GIMES", "ngm_03397_00774616127": "THE EJOR SPEAK NANE CRUISELY RELATED NAJAR CONGU LANGUAGES", "ngm_03349_02047065498": "I LORIAN CENTRA LOCITION MIXY EASILY ACCESSIBLE TO ALL PARTS OF THE COUNTRY BY AIR RHODE ANREO", "ngm_03397_02130725497": "SEARCH YOUR PAST", "ngm_03397_00081454270": "LET BRIG THE ACE IT ON WARM UP QUESTIONS", "ngm_03349_01541835191": "IT IS TWEN SIX DEGREES ON PARTLY CLOUDY IN LAQY", "ngm_03397_00350801418": "IT IS TAKING LONGER THAN USUAL TO SEND YOUR MESSAGE", "ngm_03397_01557702616": "BY LOUIS EMASTONI STARINI LA LA LAND", "ngm_03397_00040726685": "IMPROVE YOUR HURD FOM EXPERIENCE BY SENDING HEAD FROM TOGNOSTIC CUTY DETA ANCRASSHREPORTS TO GUGUL", "ngm_03397_02060322181": "ABERT GINIS GRUNFORITS EDIBUSPONGI ABSORBENT FRUIT WIDELY USED IN COOKING", "ngm_03397_00346120525": "DIVID AQUERID WAS CASTADING HILL HATH NUFURY", "ngm_03349_01106645983": "IGU BAROGEN IS SHADI CONTACT WITH FEU", "ngm_03397_00002105279": "ABJURATION IS THE SOLEMN REPUDATION ABANDONMENT OR RENUNCIATION BAY OR UPON OATH OFTEN THE REENUCIATION OF CITIZENSHIP OR SOME OTHER RATE OR PRIVILEGE", "ngm_03397_01249910947": "APPROVED VERJON ADENTICATIAN SHOULD NOT BE INCRUELY ORVERY MOVING I TIG DOWN", "ngm_03397_00791819194": "ONE WE FLATS ON TURKISH ERLAINES FROM BUDAPUS TO BALI LEAVING GENERITAN TE SUCCOND START AT EIGH HUNDRED POUNDS", "ngm_03397_01647782894": "FLIGHT FROM WINJOR TO DOBLIN LEAVING OCTOBER TAN THE FIRST ON COMMUBARK NOVEMBER SEVENTEENTH STAR AR THREE FIFTY DOLLARS", "ngm_03397_00380123380": "IDEA REALLAZE THIS WAS SOME SORT OF TRIVIA ORSTARTEEM", "ngm_03397_00207551439": "THOUS LIKE AN ALT OF CONTRO RUBOT RAPPIN GIFTS", "ngm_03349_01128666024": "CLIFF PLID WITH THE INDUSTRIAL NOISE BAND COIL ON SEVERAL LIFE PERFORMANCES AS WELL AS IN DESTUDIO AT VIROUS POINTS THROUGHOUT YU TWO THOUSAND TAUT", "ngm_03349_01230497688": "NOTABLE TONES NEAR DE RIVER INCLUDE GASHOI GIDAM AND DAMOSAC IN NADREA AND DIFA IN NAIJA", "ngm_03397_00673529555": "LERCA WE ARE ROUND LIKE IZOMBI", "ngm_03349_01152693530": "FOYOS WAS FIRMED IN E PAST FAITS AANACONISTIC ECCENTRIC AND SOMETIMES IN FERATIN BUSINESS PRACTUSES SOMEMHACH SO THAT I BECAME A TORYSTATRACTION", "ngm_03397_00902861692": "COILINS HARDLY TO CARPITAL AND COULD NOT BE ON ADVANCE BUT HE GOT A RIVUCOPY ON TO EVERY DESK IN LONDONDA MUTTERED", "ngm_03397_01624866500": "IT IS INTNUNIN OSLAW IT IS TRUE DEGREES ANDERENIN", "ngm_03397_01950143540": "MOVING A JERKEY START AND STOP WE LIKE AN OLD MOVY", "ngm_03349_01873105523": "INTERNS SHOULD BE SIM ACROSS LOCARS", "ngm_03349_01168552330": "CALL AN GIGI", "ngm_03397_00983959406": "FLIGHT ON AMERICAN ERLANS FROM SAINT FRACISCU TO BAGALO LEAVING IPRU TAN ZITHOD AN COMIBAC MI TE SACON STAT AT FIVE HUNDRED ADOLLAS", "ngm_03349_02089003193": "LESJOS FORGET DI DIZASTA EVER HAPPENED", "ngm_03349_01947480871": "HOP UP AND DOWN LIKE YOUR FEET ARE COLD", "ngm_03397_02101298944": "THE SCHOOL OF ORIENTAL STUDIES WAS FOUNDED AS AN INSTRUMENT TO STRAINTING BREETINGS POLITAKAL COMMERCIA AND MILITARY PRESENTS IN ESIA AND AFRICA", "ngm_03349_01900375642": "IT IS THAT IT SOR DEGREES WITH THE CHANCE OF RAINING EQUETS", "ngm_03349_01811205479": "BRICKFUST IS READY", "ngm_03397_00856759779": "THE MAMBILAPLY TO USE THE CRUDLE OF THE BANTU SPEAKING PEOPLES", "ngm_03349_00923165450": "IN ONE INCIDENT HIS DUMLINE TESTIMONY AGAINST FORMASTERDAND BERNARD PETARS WAS SELECTIVELY LICKED TO DEPRESS", "ngm_03349_01435829174": "JAQUANA CONTINUED TO REFUSE TO MEET SCREENACTO'S GAUT SALARY DEMANDS", "ngm_03349_01033125487": "IN DE DE DICI FIRST BECAME INTERESTED IN ARTS AS A VERY YOUNG CHILD TAKING OUT CLASSES IN PRIMAR SCHOOL", "ngm_03397_00742364069": "DO THE OGLY SWET A SAMBA", "ngm_03397_01073384903": "BOTH MINES WERE ARMED UN DISARMED USING A BRASS ARMIN KEY", "ngm_03397_00263679462": "MAX COYE MOVED TO NEW YORK CITY AND BEGAN HIS LIFE AS A USUR ARTIST", "ngm_03397_00019282497": "IT WON'T PLAY ANOTHER MUCH JUST SEE YES", "ngm_03397_00358635667": "DRAUGHT ALREADY USES LOKILL AS IN LANGUID TREAT CANNOT BE USED AGIN FOR LOCALIZATION", "ngm_03397_01634339690": "YOUR TERMS OF SERVICE UARI MUST LINK TO VALID REBSITE CONTAINING THERMS OF SERVICE SPECIFIC TO YOU UP", "ngm_03397_02115185396": "NO HINTS SORRY", "ngm_03397_00399728839": "REGARDING ANODA'S WALKS ASSUMED CONNECTION AND ALLUSIONS TO THIS FORM GIMAN HIMSELF QUIPED I HAVE NEVER BEEN ABLE TO FIGO OUT WHERE SANDMAN IS IGOTHIC", "ngm_03397_00320712263": "MARTIN'S PRESS RHINY CONTESS REQUESTING STORIES ABOUT A SORT OF OLDA YOUNG ADOLT OR NEW ADOLT", "ngm_03397_01002265674": "MOUSTACHES CON BE GROOMED BY TRIMINAR STALING WITH DETAPOPORMID CALLED MOUSTACHE WAX", "ngm_03397_00476490509": "ALEXANDER A SHEDEFOTO WITH YOU", "ngm_03349_01183573522": "OUR ESCIR PLANS ARE FOILED BY WARI STUAJON", "ngm_03397_00083065837": "REMIND ME TO REMOVE THE CASH ROLL FROM DE AUVON AT FIFTY EIGHT PAST SEVEN", "ngm_03397_01009968792": "IF YOU ARE NOT SURE DOES GUESS", "ngm_03397_02045900355": "WHEN HE WANT TO HEAR YOUR LAST NOTIFICATIONS JUST IN GUTAP THE GUGU ASSISTANT TDSOFIS", "ngm_03349_01067826829": "I SLOW IS IT WETLAND USUALYI SWAM OR CHALOW LIK OFTENLY BARKWATAR TO TH LARGE BODY OF WATER", "ngm_03397_00492746627": "NONSTOP FLATE FROM DAIS ALARMED TO CONVENTRY ABOUT TEN HOURS AND FOUR MINUTES LONG", "ngm_03349_01411304511": "HEAD WEST ON OUR LOWER ROUTE WASRIBAD ROAD", "ngm_03397_01730690938": "THIS WU DI LIDE RECEIPT BUT WON'T CHANGE ORCASO YOUR ORDER", "ngm_07049_00526371791": "I THINK YOU DREDELL YOU SOUVALYER", "ngm_07049_00174286550": "THE PUST OFF HIS OUSES MORAL TE PICTIN PASTORIASINS", "ngm_07049_00638692079": "UNFEATURING CREATURES IN THE NESQUESHON", "ngm_07049_00038990710": "YEAS IFORE MICHON FOR FLIES FROM ARMSTARDAM TO TERAN", "ngm_07049_00643020725": "DOWN ON THE BEDROOM LIGHT", "ngm_07049_00087969183": "I MONEYCANLY PEDICUR ABEAUTY TREATMENTS THAT TRIM SHIP AN POGI DE NILL", "ngm_07049_00521517098": "AND SURED US YOU'RE PROVIDING EVERYTHING NEEDED FOR TO TASTE YOU UP AND AT ALL CUDENTIALS YOU PROVIDE WALK CORRECTLY", "ngm_07049_00207951390": "DON ON LIGHTS STARTS COFFEY", "ngm_07049_00403977855": "YEAS IFORMICHANFAU FLIES FROM ALEPORTS LOCHNOW", "ngm_07049_00653369238": "BER RUCHED I VIDU ITYU", "ngm_07049_00614381091": "THIS IS SO MUCH BETTER THAN TELLING YOUR BODY WHITHER", "ngm_07049_00332206258": "SPREAD YOUR WINGS ON FLOP LIKE A BUTS AROUND E ROOM", "ngm_07049_00163992044": "SEMBAJO STODI LO AT NAJERAS UNIVERSIA VILORI", "ngm_07049_00235107790": "SIYS AN ALAM FOR ALF BAS THREE", "ngm_07049_00668342170": "AS PLIGUESPREAD A SYSTEM OF CORANTINE WAS INTRODUCED", "ngm_07049_00077701081": "THE MORE YOU TAKE CARE OF ARDI MORE YOU WILL BE ABLE TO DO AND DE MORE SHE WILL GRUW", "ngm_07049_00070951086": "THE CLOB CAGDIN ON BECAM'S UG MAGIZAN APULIN ISHA WAY YE ENJOYED TREMENDOS FOLLOWING", "ngm_07049_00475024454": "YE DOESN'T SPEAK YOUR LANGUAGE BUT YOU CAN STILL BE FOND TO JUTT WITH", "ngm_07049_00235125668": "ENS IN DUNITIA EMPLOYS THREE DOZEN EMPLOYES", "ngm_07049_00165730215": "STANDARDIE ADDRESSES OP YOUR SHEEPMEANTS GET DELIVERED PROPERLY", "ngm_07049_00589534358": "THE FLUG WAS INTRODUCED ON OYSTERED IN PUBLIC AT THE INDONITION DECLUSION OF INDEPENDENCE", "ngm_07049_00189120416": "GUGU PATNA'S AVECLOSE BUSINESS RELATIONSHIP WITH GUGU AND MAY HAVE PAID US TO BE FEATURED OR PROMOTED", "ngm_07049_00637987163": "SALISTINTO THE NEWS AND THE ASSISTANT YOL PLEADED NEWS FROM THE FOLINOU SOURCES", "ngm_07049_00267407165": "JUSQLE WEE CHRD AND TOLD ME THAT YOU'RE READY", "ngm_07049_00129903086": "TO ANSWER TABDY WRITE'S TORCH SOFFICE", "ngm_07049_00269728908": "SET I TIME OR FOR THREE MINUTES", "ngm_07049_00012180498": "ADD TWENTY FOUR SIRCONS TO DI TAMA", "ngm_07049_00742423298": "SERIALLY FER SPECIFICALLY TO MEET WHICH AS A GENEROUS KUTINOV BINAT OR CHILLIPADER", "ngm_07049_00562707232": "MOSIS THE FORMAR CARATO OF MODEN AND CONTERBRARY AT A THE ATGALLERY OF CONTARIO", "ngm_07049_00713033226": "YERS ONE FOR DEJOISTIC GENERATION", "ngm_07049_00201440957": "THE PROPANIN FOR THE ICA OF AQUAIBO MISICA ANANGUE", "ngm_07049_00005182353": "ONE OR MORE OF YOUR ACTIONS BEIS FOLLY OR ERATICALLY DOURINTERESTING WENDY USAPROVICE INQUIRIES OR INVALID IMPULTS", "ngm_07049_00668525820": "ONE ROBABOL BANZINATIEU", "ngm_07049_00449094851": "TWO OF PLIZUS LAJAS ETNI GRUPS A DI BERUM IN DINATAN BLATU AND DI ANGAS IN THE SOUTH EAST", "ngm_07049_00057260498": "AXITS QUESTIONES ANTELITU DUTIS", "ngm_07049_00447630280": "STRUP ON YOUR SKUBAGIA AND LET'S GET WALKING ON THE OCEAN FLOOR", "ngm_07049_00414021247": "PUSTIONETIFICACIAN BE MICHAN REQUIRED", "ngm_07049_01144745657": "DE ISHAKIRZA MANOISY EGNI GROUP MOST PEOPLE OCCUPIED DOTASALTS", "ngm_07049_01104999939": "COAST IF MYJESTICE SERVICES ARE NOT AVALUABLE", "ngm_07049_01371224691": "THE BAINTY SILWET ON THIS ONE", "ngm_07049_00910016567": "I'VE GOT YOUR BASKETBALRATES HERE", "ngm_07049_01328318705": "LIMBAR OFV FOR DISLANGUISHED QUESTION", "ngm_07049_01051123003": "THE VORETITES ABNONSTOV FLATE FROM SIDNEY", "ngm_07049_01136847918": "YEAS IFORE MESHOMPER FLES FROM USTIN TO AMBOG", "ngm_07049_01334747628": "THE COMMAN MAMBULA OR TUNGBU DALIT IS ALMOST WILDLY UNDERSTOOD MAMBULA DALITINANGERIA", "ngm_07049_01437712840": "YES YOR QOIN", "ngm_07049_01491796753": "SORRY DOST NOT OUR VILLABLE DREAM FUNCAUSE", "ngm_07049_01127671263": "SEARCH FOR GUGUKA'S DEVICES ON YOUR WAYFI NARTALK", "ngm_07049_01489414666": "THE ICONS YOU PROVIDED DREAN REGISTRATION ARE EITHER LOQUALITY OR DO NOT MUCH DISPECIFIED RESOLUTIONS", "ngm_07049_01470134767": "FUGIOL BUDGES AS WILL REQUIRE OUR FINGOPRINS INSTEAD OF POSSWOOD", "ngm_07049_00954891978": "SHUT TAS FLIGHT FROM TELL ABIVE TO OSSACCA IS ABOUT TEN HOURS AND FOUR MINUTES LONG", "ngm_07049_01319646056": "GREAT UNUDEDRU", "ngm_07049_01272111830": "AFRICOFF AFRICA IS AN ARBON BY AN ANGION PHUSICIAN FEMIKUZI RELISON RAS RECORDS", "ngm_07049_01474834224": "BONE OF IJAMICAN MOTHER AND IN Y GRANDFATHER DURU LUU WAS RISED IN LEGOS", "ngm_07049_01134532161": "THE QUOPLE PUBLICLY ANNOZE THAT DE WERE DITTING IN JUNE AND ANNOUNCED THER ENGAGEMENT ON TITA IN JANUARY", "ngm_07049_01189703061": "BY TE WI CHARLY CHAPLAIN IS STARRING IN THE GREAT TICTICTO", "ngm_07049_01314724807": "POCHISE CONSET TICETE", "ngm_07049_01108934569": "ANGA BECAME THE SECON WOS PARIDED NISION IN AFRICA AFTER SOMELIA", "ngm_07049_01454584089": "CHOOSE WHICH OF YOUR SINS YOUUD LIKE TO INCLUDE IN DISRITIN", "ngm_07049_01493983360": "ARID'ARDARIS SALARIES FORSUDU EMPLOYES", "ngm_07049_01368529100": "KENTAROVUA WAS A LEAD FIGU FOR THIS FISS OF THE STROGLE", "ngm_07049_01248860478": "A WIDENING COTRA DIVIDE GREEW WIT DHE FRANCS REMAINING IN THE ORIGINAL HOMELAND IN THE NOT", "ngm_07049_01162844900": "FIRST LEST SAT TO MORROW MORNING S ALAM", "ngm_07049_01143985191": "AN NOTSINDE WINO DE GIM ALDAYS MAKES ME UPPY ANSWERD THE AMESTRA APPY", "ngm_07049_01005801282": "IT IS NOT ON COMON FOR PITIENTS REJUCT UNDER ANASTITIA BY REACING FOSTER AT THIS POINTS", "ngm_07049_00923612667": "I DON'T THINK THIS IS GOING TO WALK OUT", "ngm_07049_01280193182": "CHOSE ONE ONSCREEN WHEN IT IS CONVENIENT", "ngm_07049_01282849282": "DINANGA IS THE TODLONGESH RIVER IN AFRICA EXCEEDED ONLY BY THE NIL AN DICONGU RIVER", "ngm_07049_01216574254": "LANSKI BAUGRAND IMAGE AS INVALUD DEMISSIONS", "ngm_07049_01312984262": "SHE'S A MEDICAL EMAGENCY WHICH CANT CAUST SEROUS ILNESS EVEN DEBTS", "ngm_07049_00890518566": "SWEIT YOSTERIAL TO F AM RIDIU", "ngm_07049_00894546397": "TO COSTOMASE YOUR BEDTIME ROUTIN CHECK OUT ROUTINSESTENS IN A COOL OOM UP", "ngm_07049_00910671747": "YOU CAN REMOVE VOICE MUCH BY MICHAUN LITTA BY TURNING IT OFF IN ACITANCETINS OF FAMILY LINK", "ngm_07049_01203547630": "JOS TOUCH AN ODI RIGT EARBOOD AND STARP TALKING", "ngm_07049_01324724026": "PLACI CONTINALVIT RETOS CONDEINCLOSE ACTIVITO BOTNO SEROM SEPRICHANGIO", "ngm_07049_00906016813": "ONLY BANGLA DECH SACH CURIA ANSAWON ABBUSY LARGE UPPE POLITION AND I UPPE POLITION DESIZY", "ngm_07049_00853769585": "IN TO DOS MAFIS IN DIZLY ATCHID HIS LARGEST YEARLY BOKS OFF HIS CROSS WARDWARD AND IN NOTH AMERICA", "ngm_07049_00930965701": "NON STOP FLAYS FROM DALLASOTI AND JUNE ARE ABOUT TEN HOURS AND FOUR MINIS SLONG", "ngm_07049_01449056434": "MA MIRIFETUI FICE E BLADA", "ngm_07049_00788569201": "OKI A KANAZA WAS TAT SENDING SLEEPA LOTS EVERY DAY AT SIX STETY P M", "ngm_07049_01082320584": "MOST OF THE COUNTRIES DABODA THE PECIANGOF ADVERSE RESERVES OF CRUDO", "ngm_07049_01561091291": "PROFESSOR FLOYD POINTED OUT THAT MASTLISIONS I A POSSIBOOK CASE FOR EPILEPTICIGUS", "ngm_07049_01370991245": "NOW THAT WAS A WALK OUT", "ngm_07049_00904182040": "TROUBLE SHOULD THISDICKNOWLOGA QUESTION", "ngm_07049_01127005850": "IMAGE SETCH IN PROGRESS", "ngm_07049_00774101562": "FLES FROM NAW RUBY TO FINISH LEAVING DECEMBER FEIFTEEN START AT FIVE HUNDRED POUNDS", "ngm_07049_01811199695": "LOOK AT ALL THOSE ZAROS", "ngm_07049_02122501479": "PEASANT A RESULTS GONE ALSO OUR PER WEHOT YOU AVING TO ACTS FOR THEM ON THE ORNSCREEN UNDER HIS NOTIFICATIONS", "ngm_07049_01747056304": "CHOOSE THE VOYGE YOU ARE SITANT WO USED TO TALK TO YOU", "ngm_07049_02079148253": "YOU DON'T MEANT CANO BE VALY DITIT BECAUSE IT'S LODGED AN TWHEN FIVE MEGGER BITES", "ngm_07049_01564187177": "SINCE THE GODS AND GODDESSES ARE FEROUS AS LUKI EAGERN EXPECTS TO GO HOME DEFEIATED", "ngm_07049_02078758974": "MAINTAINING DE RESSUED YEUE WARE SIX WINDOWS DON INSIGHT UNTIL AT EDHER END", "ngm_07049_01876224177": "TO USTERS DISPEECH CANGER LANGUAGE IN YOUR BROSOR SITTINS", "ngm_07049_01727887108": "HE HAD PAFORETE DIVOT IN ORDER TO LOWASH DRINKS TO SECURETY SCUFFOLD", "ngm_07049_01716725890": "SINCE I MOVIN TROUBLE FIND ANHIS PERSON GOED AN PICKI ON TACKS ON YOUR SCREEN", "ngm_07049_01866772835": "TROCKS A COSSI MORI ANTI BARAH THAN ANYTHING ELSE ON RUDEWIZ", "ngm_07049_01662689148": "TRADISHAN LI EBU BORITIC ARGANIZATION WAS BUS ON EQUACID DEMOCRATIC REPUBLICAN SYSTEM OF GOVERNMENTS", "ngm_07049_01681644110": "IT'S A REAR PRICE", "ngm_07049_01592044424": "SOZIS TRAU DI BARARO ERA AD RISINSTON AVERAGE TNDRED SOTISBADI", "ngm_07049_02068008985": "YOU CAN BE AND MONEY YOUR ENTIRE GU ACONT HISTORY FOR MY ACTIVITY", "ngm_07049_01810172243": "DE NANGRAN GOMENT COMMENCED IT THAT I SIX BILLIONERA DREGIN OF THE NANJA RIVA FROM BARRO TO WORRY", "ngm_07049_02086230550": "SOME POPULAR FLIGHT THISNITIONS FROM AVANA INCLUDE PARI AND LOS ANGELIS", "ngm_07049_02068950676": "LARGE LANDSCAPE IMMEDIATE REQUIRED", "ngm_07049_02095480989": "HE SAID IN MAGIC WORDS", "ngm_07049_01699478122": "PITENYA TOSIN PRISONS ARE ROUND AS YOU GALLOP", "ngm_07049_02079465335": "EGYPTIANS GREW ON SPON COTTON IN THE FIRST SEVEN CENTURIES OR THE CHRISTIAN ERROR", "ngm_07049_01877988653": "TO BRUCAS A MESSAGE AND ALL DEVICES IN YOUR OM YOU COULD SAY FOR EXAMPLE BRODCAST IN MESSAGE", "ngm_07049_01878636922": "YE ARE FOUR SITIS WE NONSTOP FLI O INSTAN BUL", "ngm_07508_00035371572": "A BUDGA IS NANDUAS ADMINSTRATIVE ON POLISCHOL CENTRE", "ngm_07049_01835936460": "SORRY WITCH STORED YE WON A BLUE IT", "ngm_07049_01574230558": "YO SHOT THAT FLIGHT FROM LA OR TO SHANGAY IS ABOUT TEN HOURS AND FOUR MINUTES LONGER", "ngm_07049_02101274305": "IF ET CONTINUES TO BE SEEN AS THIS REGAL OMLAND OR DE JUROBA", "ngm_07508_00002360905": "CONTINUE STRAIGHT TO STAY ON RING ROAD", "ngm_07049_01965804472": "TO YO STORTHY OBJIT PLISHE YOUR EBOWS BACK IN THE CHARGING KISS", "ngm_07508_00011410672": "PEOPLE WHO KNEW YOUR FURE NUMBER OR GOGOL ACCOUNT WOULD BE ABLE TO REACH YOU ACROSS GUGO SERVICES", "ngm_07049_01574014074": "IT TORY JOINTES THE MECONICAR GASKETS IN THE SHIP OF ITAURUS", "ngm_07508_00028598605": "WHICH IS THIRTY DEGREES WITH THE ATONDASTOMIN PORTACOT", "ngm_07508_00051370097": "AMONG THE URUBUS AND ISOCUS OF D'OTASTE GENERAL TATU USE DIS UVIE", "ngm_07049_01886964678": "IT ISN'T SNOWING IN WASOU ITIS MINOS LEVON AND CLOUDY", "ngm_07049_01767152310": "SACQUEAS PLADEBEATS CLOOKING AND ON A MENTATION USING TRADITION OL AFRICAN FABRICKS", "ngm_07049_01790842613": "TO DE GINZARBERT CUQUI", "ngm_07049_01587859388": "SEE YOUR COMMANEL FOR MORE INFUL", "ngm_07049_01933938932": "WHEN I BECOME AN OTTO I WANT TO BE ABLE TO DO THINGS IN PARENTICES", "ngm_07508_00031222823": "BEHOLD THE ESCIEN TUNS OF AUGMENTED ANIMA APALLATIONS", "ngm_07049_02048601155": "IAM DEADGETTING THIS ONE TO EROM BUTSCHAR", "ngm_07049_01828985707": "THE BLOOD IS A TRIC OF AN INVISION OF BOR TISSUE", "ngm_07049_01696966409": "THE WHITE YELLOW BAND IS WHITE SINTRYDOWN GREENLIGHTS WHEN MIXED FORM YELLOW", "ngm_07049_01815357325": "SELECT THAT COSTOM LIBYLS SHOULD BE RELEVANT TO YOUR IGENS POPES ANFUNCTONALITIES", "ngm_07508_00334933556": "BASALONA ANELLOGALAXI ALTIED OUT ZERO TO ZERO IN THE FIRST HALF", "ngm_07508_00106171869": "STEERA BARTIS AN IRISH PORRIDGE TRODGINILY MEAD FROM STARING OAT INTO BOILING WATER", "ngm_07508_00245099141": "AT ONE TIME THE GUNGOLA CONTINUED FROMHIER IN THID NOT ITS DIRECTION TO LIK CHAD", "ngm_07508_00300895045": "JANES LANGUAGE HERE WE CHAINED EVERYWHERE ON YOUR ASSISTANT DEVICES ACCEPT YOUR FON", "ngm_07508_00277812018": "ANGLI CANCHANT IS THE METHOD OF SINGING PROVES VESSIONS OF THE PSALMS", "ngm_07508_00337183182": "NOSSA OMAREGE IS COMMONLY SIGNED TO CHOCOLETTE CITY", "ngm_07508_00058031135": "THAT WAS THE ABSOLUTE WOST", "ngm_07508_00322086384": "IT IS TWENTY THREE DEGREES OM PATLISONI IN OWERI", "ngm_07508_00284460148": "SOMPOPLA FLIED DISTINATION FROM NEWCAS TO AN EASY JET INCRUDE SIO ON EDMONSEN", "ngm_07508_00296742405": "AC FAW TO CAREFULLY BRING THESE THINGS WITH HAR FROM THE STORE", "ngm_07508_00248408592": "THE ERIA IS DOMINITED BY THE CILO TOMASHAK PEOPLE AS WELL AS SOM NOMADIC ARAB ANCESTRY TRIBES INCLUDING HASANIAS PICAS", "ngm_07508_00130433230": "JUMP AROUND LIKE YOUR SLOPING HOT SOUP ON YOUR TONGUES ON FIRE", "ngm_07508_00329078081": "REINTINTIN DEBUTELL IN THE FUTURE ALREADY NOT BEGINS", "ngm_07508_00051468266": "HERE'S A QUESTION ABOUT MOSS", "ngm_07508_00177569708": "DE CENTA IS SELVED BY FERRY SERVICES ON HASBISIQU TAGI RANKS", "ngm_07508_00088096821": "NAVIGER TO TALK OR TEX WITH THE ASSISTANT", "ngm_07508_00341227274": "GOURU IS A SONSCREWTERN A CONNOOS SOMEONE WHO IS A TEACHER GUIDE EXPERT OR MASTER OF CERTAIN KNOWLEDGE OF FEUD", "ngm_07508_00330975130": "IT IS TWENTY SIX DEGREES AN SONI I LUKUJA", "ngm_07508_00191235383": "THE FULA PEOPLE OF FULANI ARE ONE OF THE LARGEST ETNI GROUPS IN THE SARIL AND WEST AFRICA", "ngm_07508_00123238197": "STARE YOUR COLDRON AS YOU DARNS", "ngm_07508_00331656182": "FLIES FROM MILANZA LEGOS LIVING SEPTIBOUT THETIN AT ONE THOUSAND POUNDS", "ngm_07508_00271772051": "MAKE A SHARP LEFT ONTO ADISOGI A DEREMI RUD", "ngm_07508_00120006935": "CHIMANG WA SENT YOU ON ATTACHMENT", "ngm_07508_00099719381": "TERE IS A PERSHAM PRINTING OF RABETED HONS THAT OVER EIGHT HUNDRED YEARS OLD", "ngm_07508_00069540151": "THE EGOBLE FARSE CITIZENS OF EGA AN OW COMMUNITIES TO MARGARET O DEFORTIFIET CITY OF ABIOKUTA", "ngm_07508_00319493219": "THE ODORS PREFER RIPE FRUITS OF WHICH THEY SOG THIS SUGRI LIQUID", "ngm_07508_00290583682": "WARRA IS I SOFT COTTAGE CHEESE MADE FROM FRESH COWL MILK", "ngm_07508_00213986359": "TAP TO MONAGE YOUR DEVICES ASSISTANT LANGUAGE SETINS", "ngm_07508_00268357949": "THE HADIGIA RIVA IS NOW CONTROLLED BY THE TIGA AND TALAUA GOG DAMS IN CANO STATE", "ngm_07508_00195639834": "WOR MORTIN ILL WE CALLING OUR DANCE MOOTH FOR YOU TO DANCE TOO", "ngm_07508_00117618728": "BRUSE UBUME YUMA O NAQRAYAQEYA SON OF RUBU KAVA", "ngm_07508_00166126960": "YOU ARE PERFORMING SOLDIERY AND YOU ARE REALLY GOOD AT IT", "ngm_07508_00213373380": "ECARSE THE REAL DIELECT SUCH AS THE UNANG DIELECT ORONDIELECT OF MANY ODOLS", "ngm_07508_00332240349": "SHEER DIVICES WITH VOICE MUCH", "ngm_07508_00319607553": "GIMA WAS AT KITARA SEVERAL CHOT OF ENGLAND SCHOOLS INCLUDING FONTILO SCHOOL IN EAST GREENSTADE ADINLY COLLEGE AND WITGIFT SCHOOL INCRORIED ON", "ngm_07508_00472527226": "CONTINUE ONTO IMECA OBIANO RUDE", "ngm_07508_00503848384": "ITIS THIRTY THREE DEGREES ON SONING IN GIMETTA", "ngm_07508_00534749655": "FORMAIN DEA TRADITION OUR CAP IS CALLED FILA", "ngm_07508_00345129718": "KOBAMS IMMANO ASUKWO ISIN ENDUA BON SONG REATA MUSIC BRUGIZA AND SINGA HUSTATES ACADEMIC TRINI ASID LAWYER", "ngm_07508_00479250704": "HULE SONICIAN GERMANICOLIDI USUALLY CORFLITED CHRISTMAS", "ngm_07508_00418664038": "THE GIM SHULD I COMPLAIN OF PIDAMOS", "ngm_07508_00397995806": "THE DIFFERENCE IN THE RAINBOW DEPENDS CONSIDERABLY ON THE PONTHE SIZE OF THE DROPS", "ngm_07508_00366992341": "THE PUBLISHING INDUSTRY TOOK NOTICE OF THE MOGRAPHIC CHANGES AND BECAME MORVE VO CALABOUT REPRESENTATION", "ngm_07508_00379499398": "PASS BY OASIS ON THE LEFT", "ngm_07508_00521427088": "COUTS ASK MO WHAT A BID", "ngm_07508_00464533871": "AN UNUSUAL FUTURE OF THE RIVER IS THE INANADODOTO ITH FORMS WHERE IT GREDIENT SUDDENLY DECREASES", "ngm_07508_00399882814": "IF YO USE GOOGOOHOM DEVICES NOT SHOON HERE THE PROSE WITH THE PRIMY ACCOUNT OF THESE DEVICES MADE TON CONTINUED CONVERSATION ON AND OFF IN THE ASSISTANT SETENS", "ngm_07508_00436612322": "DODO IS THE SIDE DISH OF PLANTINES FRIED IN VEGETABLE OR PAM OR A PREFERABLY RIPE PLANTANE", "ngm_07508_00500293899": "THE MAJORITY OF ARSBAREN BASS ARDOGTER THE OPINION THAT THE KIS HAD BEEN WRONGLY DECIDED AND AGREE TO DEPART FROM THE ELIAR DECISION", "ngm_07508_00448979240": "IT IS THAT ONE DEGREES WITH RAINY YULA", "ngm_07508_00416972373": "YOU CAN BRIT NOW", "ngm_07508_00489276313": "THERE WAS A SOFTIER OBJECT SO YOU NEED ON LINK AN LINK YOUR DEVICE TO INCLUDE IT IN A ROUTINE", "ngm_07508_00517460984": "ETHIC IS THE OFFICIAL LANGUAGE OF CORCEVASTID IN NANGERIA", "ngm_07508_00345721632": "GERNIACHI IS E HOME TO A POPULATION OF THE RAR AND ENDANGERED NAD DRUNK CAME A RUM CHIM PANZI", "ngm_07508_00485407908": "SLID YOUR FEET ALONG THE GROUND LIKE YOU ARE WALKING ON THE MOON", "ngm_07508_00436852204": "I THINK SOMETHING FOUND US", "ngm_07508_00516116980": "DE JAR IS FILLED", "ngm_07508_00407957200": "HOWEVER SMITS VIEW POINT IS IN THE MENI MINORITY", "ngm_07508_00423638042": "PRETEND TO PUT ON LONG JOHNS AND WALK AROUND LIKE YOU HAVE GOT PANTD UP TO YOUR EARS", "ngm_07508_00408582154": "FOUR BOYS LORK OUTSIDE HIS HOWLS", "ngm_07508_00348109376": "OKI LEGUS SET UT ON MITLUF", "ngm_07508_00387151752": "IT IS THAT ONE DEGREES WITH THE CHANCE OF RAINING ORON", "ngm_07508_00785446831": "IT WILL BE BORIN IT LEST I WONE PERSON PLEASE", "ngm_07508_00829921735": "IBADON YIU LOOK AT IT IN THOUTWESTERN ANDURIO", "ngm_07508_00551139143": "CONSUIL DO REMIND OUT T BUY MUWKE EVERY FRIDAY", "ngm_07508_00706412506": "DEFFERS FOR AR SITUITED IN THE EUSE CRIMINAL INTELLIGENC AGENCY EROPOO ANDIDUCIAL COPRICIAL IGENCY AND THE INATEDNITIONS THE TENTION UNIQUE", "ngm_07508_00730887167": "BENEDO WUM WAS IN ENDRAM PINTER AND SCOPTOL", "ngm_07508_00837268116": "JOS IS A GREAT BEAT FOR EXPLORING THE BEAUTY OF PLATUSTIT", "ngm_07508_00776201975": "PLEASE WE DEPLOR YOR UP ONCE IT' ITS IN A COMPLETE STATE", "ngm_07508_00651047977": "BANGE ON DISTIEVY QUESTION", "ngm_07508_00644437475": "IT IS TWENTY NINE DEGREES WITH THE CHARCEL  STORMS IN MINA", "ngm_07508_00600623336": "ADD A CHANGE FOR NUMBER WOULD Y", "ngm_07508_00808821138": "THE NACHANATZIATA BUD IN HOUSES THREE SEPARITIATAS", "ngm_07508_00626343343": "IT'S ACTUALLY ITS TAUS OND", "ngm_07508_00586001627": "BE TIME FOR YOUR QUESTION IS NOW"}